-- phpMyAdmin SQL Dump
-- version 4.8.4
-- https://www.phpmyadmin.net/
--
-- Φιλοξενητής: 127.0.0.1:3306
-- Χρόνος δημιουργίας: 14 Αυγ 2020 στις 21:47:08
-- Έκδοση διακομιστή: 5.7.24
-- Έκδοση PHP: 7.2.14

SET SQL_MODE = "NO_AUTO_VALUE_ON_ZERO";
SET AUTOCOMMIT = 0;
START TRANSACTION;
SET time_zone = "+00:00";


/*!40101 SET @OLD_CHARACTER_SET_CLIENT=@@CHARACTER_SET_CLIENT */;
/*!40101 SET @OLD_CHARACTER_SET_RESULTS=@@CHARACTER_SET_RESULTS */;
/*!40101 SET @OLD_COLLATION_CONNECTION=@@COLLATION_CONNECTION */;
/*!40101 SET NAMES utf8mb4 */;

--
-- Βάση δεδομένων: `students`
--

-- --------------------------------------------------------

--
-- Δομή πίνακα για τον πίνακα `app_lists_19_20_xeim`
--

DROP TABLE IF EXISTS `app_lists_19_20_xeim`;
CREATE TABLE IF NOT EXISTS `app_lists_19_20_xeim` (
  `id` int(11) NOT NULL AUTO_INCREMENT,
  `list_name` varchar(50) NOT NULL,
  `appearance_name` varchar(50) DEFAULT NULL,
  `list_entry` varchar(300) NOT NULL,
  `created_at` datetime DEFAULT NULL,
  `updated_at` datetime DEFAULT NULL,
  PRIMARY KEY (`id`)
) ENGINE=InnoDB AUTO_INCREMENT=34 DEFAULT CHARSET=utf8;

--
-- Άδειασμα δεδομένων του πίνακα `app_lists_19_20_xeim`
--

INSERT INTO `app_lists_19_20_xeim` (`id`, `list_name`, `appearance_name`, `list_entry`, `created_at`, `updated_at`) VALUES
(1, 'taksi', 'Τάξη', 'Α Γυμνασίου', '2019-11-11 16:01:02', '2019-11-11 16:01:02'),
(2, 'taksi', 'Τάξη', 'Β Γυμνασίου', '2019-11-11 16:01:02', '2019-11-11 16:01:02'),
(3, 'taksi', 'Τάξη', 'Γ Γυμνασίου', '2019-11-11 16:01:02', '2019-11-11 16:01:02'),
(4, 'taksi', 'Τάξη', 'Α Λυκείου', '2019-11-11 16:01:02', '2019-11-11 16:01:02'),
(5, 'taksi', 'Τάξη', 'Β Λυκείου', '2019-11-11 16:01:02', '2019-11-11 16:01:02'),
(6, 'taksi', 'Τάξη', 'Γ Λυκείου', '2019-11-11 16:01:02', '2019-11-11 16:01:02'),
(7, 'taksi', 'Τάξη', 'Α ΕΠΑΛ', '2019-11-11 16:01:02', '2019-11-11 16:01:02'),
(8, 'taksi', 'Τάξη', 'Β ΕΠΑΛ', '2019-11-11 16:01:02', '2019-11-11 16:01:02'),
(9, 'taksi', 'Τάξη', 'Γ ΕΠΑΛ', '2019-11-11 16:01:02', '2019-11-11 16:01:02'),
(10, 'taksi', 'Τάξη', 'Απόφοιτος', '2019-11-11 16:01:02', '2019-11-11 16:01:02'),
(11, 'informed_by', 'Ενημερώθηκε Από', 'Social Media', '2019-11-12 14:00:00', '2019-11-12 14:00:00'),
(12, 'informed_by', 'Ενημερώθηκε Από', 'Φίλος - Φίλη', '2019-11-12 14:00:00', '2019-11-12 14:00:00'),
(27, 'informed_by', 'Ενημερώθηκε Από', 'Website', '2019-11-14 23:31:51', '2019-11-14 23:32:13'),
(28, 'informed_by', 'Ενημερώθηκε Από', 'Διαφημιστικά Φυλλάδια', '2019-11-14 23:32:37', '2019-11-14 23:32:37'),
(29, 'informed_by', 'Ενημερώθηκε Από', 'Συγγενής', '2019-11-14 23:33:01', '2019-11-14 23:33:01'),
(30, 'informed_by', 'Ενημερώθηκε Από', 'Αναζήτηση στο Internet', '2019-11-14 23:33:25', '2019-11-14 23:33:25'),
(33, 'taksi', 'Τάξη', 'Ecdl', '2020-07-23 12:11:01', '2020-07-23 12:11:01');

-- --------------------------------------------------------

--
-- Δομή πίνακα για τον πίνακα `app_lists_20_21_ther`
--

DROP TABLE IF EXISTS `app_lists_20_21_ther`;
CREATE TABLE IF NOT EXISTS `app_lists_20_21_ther` (
  `id` int(11) NOT NULL AUTO_INCREMENT,
  `list_name` varchar(50) NOT NULL,
  `appearance_name` varchar(50) DEFAULT NULL,
  `list_entry` varchar(300) NOT NULL,
  `created_at` datetime DEFAULT NULL,
  `updated_at` datetime DEFAULT NULL,
  PRIMARY KEY (`id`)
) ENGINE=InnoDB AUTO_INCREMENT=33 DEFAULT CHARSET=utf8;

--
-- Άδειασμα δεδομένων του πίνακα `app_lists_20_21_ther`
--

INSERT INTO `app_lists_20_21_ther` (`id`, `list_name`, `appearance_name`, `list_entry`, `created_at`, `updated_at`) VALUES
(1, 'taksi', 'Τάξη', 'Α Γυμνασίου', '2019-11-11 16:01:02', '2019-11-11 16:01:02'),
(2, 'taksi', 'Τάξη', 'Β Γυμνασίου', '2019-11-11 16:01:02', '2019-11-11 16:01:02'),
(3, 'taksi', 'Τάξη', 'Γ Γυμνασίου', '2019-11-11 16:01:02', '2019-11-11 16:01:02'),
(4, 'taksi', 'Τάξη', 'Α Λυκείου', '2019-11-11 16:01:02', '2019-11-11 16:01:02'),
(5, 'taksi', 'Τάξη', 'Β Λυκείου', '2019-11-11 16:01:02', '2019-11-11 16:01:02'),
(6, 'taksi', 'Τάξη', 'Γ Λυκείου', '2019-11-11 16:01:02', '2019-11-11 16:01:02'),
(7, 'taksi', 'Τάξη', 'Α ΕΠΑΛ', '2019-11-11 16:01:02', '2019-11-11 16:01:02'),
(8, 'taksi', 'Τάξη', 'Β ΕΠΑΛ', '2019-11-11 16:01:02', '2019-11-11 16:01:02'),
(9, 'taksi', 'Τάξη', 'Γ ΕΠΑΛ', '2019-11-11 16:01:02', '2019-11-11 16:01:02'),
(10, 'taksi', 'Τάξη', 'Απόφοιτος', '2019-11-11 16:01:02', '2019-11-11 16:01:02'),
(11, 'informed_by', 'Ενημερώθηκε Από', 'Social Media', '2019-11-12 14:00:00', '2019-11-12 14:00:00'),
(12, 'informed_by', 'Ενημερώθηκε Από', 'Φίλος - Φίλη', '2019-11-12 14:00:00', '2019-11-12 14:00:00'),
(27, 'informed_by', 'Ενημερώθηκε Από', 'Website', '2019-11-14 23:31:51', '2019-11-14 23:32:13'),
(28, 'informed_by', 'Ενημερώθηκε Από', 'Διαφημιστικά Φυλλάδια', '2019-11-14 23:32:37', '2019-11-14 23:32:37'),
(29, 'informed_by', 'Ενημερώθηκε Από', 'Συγγενής', '2019-11-14 23:33:01', '2019-11-14 23:33:01'),
(30, 'informed_by', 'Ενημερώθηκε Από', 'Αναζήτηση στο Internet', '2019-11-14 23:33:25', '2019-11-14 23:33:25'),
(32, 'taksi', 'Τάξη', 'Ecdl 1', '2019-12-07 11:20:30', '2019-12-07 11:20:30');

-- --------------------------------------------------------

--
-- Στημένη δομή για προβολή `full_grades_19_20_xeim`
-- (Δείτε παρακάτω για την πραγματική προβολή)
--
DROP VIEW IF EXISTS `full_grades_19_20_xeim`;
CREATE TABLE IF NOT EXISTS `full_grades_19_20_xeim` (
`teacherFirstname` varchar(50)
,`teacherLastname` varchar(50)
,`tmimaName` varchar(100)
,`lessonName` varchar(40)
,`studentFirstname` varchar(50)
,`studentLastname` varchar(50)
,`id` int(11)
,`user_id` int(11)
,`student_id` int(11)
,`lesson_id` int(11)
,`taksi` int(11)
,`tmima` int(3)
,`exam_date` date
,`exam_kind` varchar(15)
,`absence` varchar(10)
,`grade` int(4)
,`comments` varchar(300)
,`created_at` datetime
,`updated_at` datetime
);

-- --------------------------------------------------------

--
-- Στημένη δομή για προβολή `full_grades_20_21_ther`
-- (Δείτε παρακάτω για την πραγματική προβολή)
--
DROP VIEW IF EXISTS `full_grades_20_21_ther`;
CREATE TABLE IF NOT EXISTS `full_grades_20_21_ther` (
`teacherFirstname` varchar(50)
,`teacherLastname` varchar(50)
,`tmimaName` varchar(100)
,`lessonName` varchar(40)
,`studentFirstname` varchar(50)
,`studentLastname` varchar(50)
,`id` int(11)
,`user_id` int(11)
,`student_id` int(11)
,`lesson_id` int(11)
,`taksi` int(11)
,`tmima` int(3)
,`exam_date` date
,`exam_kind` varchar(15)
,`absence` varchar(10)
,`grade` int(4)
,`comments` varchar(300)
,`created_at` datetime
,`updated_at` datetime
);

-- --------------------------------------------------------

--
-- Στημένη δομή για προβολή `full_grades_stats_19_20_xeim`
-- (Δείτε παρακάτω για την πραγματική προβολή)
--
DROP VIEW IF EXISTS `full_grades_stats_19_20_xeim`;
CREATE TABLE IF NOT EXISTS `full_grades_stats_19_20_xeim` (
`countGrades` bigint(21)
,`avgGrades` decimal(14,4)
,`lessonName` varchar(40)
,`lesson_id` int(11)
,`maxGrade` int(4)
,`minGrade` int(4)
,`maxCreatedAt` datetime
,`minCreatedAt` datetime
,`maxUpdatedAt` datetime
,`minUpdatedAt` datetime
);

-- --------------------------------------------------------

--
-- Στημένη δομή για προβολή `full_grades_stats_20_21_ther`
-- (Δείτε παρακάτω για την πραγματική προβολή)
--
DROP VIEW IF EXISTS `full_grades_stats_20_21_ther`;
CREATE TABLE IF NOT EXISTS `full_grades_stats_20_21_ther` (
`countGrades` bigint(21)
,`avgGrades` decimal(14,4)
,`lessonName` varchar(40)
,`lesson_id` int(11)
,`maxGrade` int(4)
,`minGrade` int(4)
,`maxCreatedAt` datetime
,`minCreatedAt` datetime
,`maxUpdatedAt` datetime
,`minUpdatedAt` datetime
);

-- --------------------------------------------------------

--
-- Δομή πίνακα για τον πίνακα `grades_19_20_xeim`
--

DROP TABLE IF EXISTS `grades_19_20_xeim`;
CREATE TABLE IF NOT EXISTS `grades_19_20_xeim` (
  `id` int(11) NOT NULL AUTO_INCREMENT,
  `user_id` int(11) DEFAULT NULL,
  `student_id` int(11) DEFAULT NULL,
  `lesson_id` int(11) DEFAULT NULL,
  `taksi` int(11) DEFAULT NULL,
  `tmima` int(3) NOT NULL,
  `exam_date` date DEFAULT NULL,
  `exam_kind` varchar(15) DEFAULT NULL,
  `absence` varchar(10) DEFAULT NULL,
  `grade` int(4) DEFAULT NULL,
  `comments` varchar(300) DEFAULT NULL,
  `created_at` datetime DEFAULT NULL,
  `updated_at` datetime DEFAULT NULL,
  PRIMARY KEY (`id`),
  KEY `teacher_id` (`user_id`),
  KEY `student_id` (`student_id`),
  KEY `lesson_id` (`lesson_id`),
  KEY `tmima` (`tmima`),
  KEY `link_taksi_id_19_20_xeim` (`taksi`)
) ENGINE=InnoDB AUTO_INCREMENT=799 DEFAULT CHARSET=utf8;

--
-- Άδειασμα δεδομένων του πίνακα `grades_19_20_xeim`
--

INSERT INTO `grades_19_20_xeim` (`id`, `user_id`, `student_id`, `lesson_id`, `taksi`, `tmima`, `exam_date`, `exam_kind`, `absence`, `grade`, `comments`, `created_at`, `updated_at`) VALUES
(1, 20, 2, 3, 2, 9, '2019-10-04', 'TEST', 'ΠΑΡΩΝ', 65, '', '2019-10-10 00:00:00', NULL),
(2, 16, 3, 5, 6, 3, '2020-01-19', 'ΔΙΑΓΩΝΙΣΜΑ', 'ΑΠΩΝ', 0, '', '2020-02-07 00:00:00', NULL),
(3, 15, 4, 1, 9, 6, '2019-10-06', 'ΔΙΑΓΩΝΙΣΜΑ', 'ΠΑΡΩΝ', 60, '', '2019-11-07 00:00:00', NULL),
(4, 17, 4, 23, 9, 6, '2019-10-20', 'ΔΙΑΓΩΝΙΣΜΑ', 'ΠΑΡΩΝ', 47, '', '2019-12-07 00:00:00', NULL),
(5, 17, 4, 24, 9, 6, '2019-11-10', 'ΔΙΑΓΩΝΙΣΜΑ', 'ΠΑΡΩΝ', 51, '', '2019-12-14 00:00:00', NULL),
(6, 15, 4, 1, 9, 6, '2020-01-07', 'ΔΙΑΓΩΝΙΣΜΑ', 'ΠΑΡΩΝ', 47, '', '2020-02-05 00:00:00', NULL),
(7, 15, 4, 1, 9, 6, '2020-02-02', 'ΔΙΑΓΩΝΙΣΜΑ', 'ΠΑΡΩΝ', 40, '', '2020-02-05 00:00:00', NULL),
(8, 17, 4, 24, 9, 6, '2020-01-11', 'ΔΙΑΓΩΝΙΣΜΑ', 'ΠΑΡΩΝ', 70, '', '2020-02-08 00:00:00', NULL),
(9, 17, 4, 23, 9, 6, '2020-01-18', 'ΔΙΑΓΩΝΙΣΜΑ', 'ΠΑΡΩΝ', 85, '', '2020-02-08 00:00:00', NULL),
(10, 13, 5, 4, 4, 11, '2020-01-19', 'ΔΙΑΓΩΝΙΣΜΑ', 'ΠΑΡΩΝ', 30, '', '2020-02-03 00:00:00', NULL),
(11, 13, 5, 4, 4, 11, '2020-03-08', 'ΔΙΑΓΩΝΙΣΜΑ', 'ΠΑΡΩΝ', 47, '', '2020-04-05 00:00:00', NULL),
(12, 13, 5, 4, 4, 11, '2020-03-29', 'ΔΙΑΓΩΝΙΣΜΑ', 'ΑΠΩΝ', 0, '', '2020-04-07 00:00:00', NULL),
(13, 1, 6, 25, 6, 3, '2019-10-03', 'TEST', 'ΠΑΡΩΝ', 15, '', '2019-10-08 00:00:00', NULL),
(14, 1, 6, 25, 6, 3, '2019-10-06', 'ΔΙΑΓΩΝΙΣΜΑ', 'ΠΑΡΩΝ', 16, '', '2019-10-08 00:00:00', NULL),
(15, 1, 6, 25, 6, 3, '2019-10-10', 'TEST', 'ΠΑΡΩΝ', 10, '', '2019-10-10 00:00:00', NULL),
(16, 1, 6, 25, 6, 3, '2019-10-17', 'TEST', 'ΠΑΡΩΝ', 15, '', '2019-10-19 00:00:00', NULL),
(17, 17, 6, 6, 6, 3, '2019-10-13', 'ΔΙΑΓΩΝΙΣΜΑ', 'ΠΑΡΩΝ', 40, '', '2019-10-23 00:00:00', NULL),
(18, 17, 6, 6, 6, 3, '2019-09-05', 'ΔΙΑΓΩΝΙΣΜΑ', 'ΠΑΡΩΝ', 48, '', '2019-10-23 00:00:00', NULL),
(19, 17, 6, 6, 6, 3, '2019-10-18', 'TEST', 'ΠΑΡΩΝ', 75, '', '2019-10-23 00:00:00', NULL),
(20, 1, 6, 25, 6, 3, '2019-10-31', 'TEST', 'ΠΑΡΩΝ', 32, '', '2019-11-05 00:00:00', NULL),
(21, 14, 6, 1, 6, 3, '2019-10-20', 'ΔΙΑΓΩΝΙΣΜΑ', 'ΠΑΡΩΝ', 39, '', '2019-11-05 00:00:00', NULL),
(22, 14, 6, 1, 6, 3, '2019-09-02', 'ΔΙΑΓΩΝΙΣΜΑ', 'ΠΑΡΩΝ', 32, '', '2019-11-05 00:00:00', NULL),
(23, 1, 6, 25, 6, 3, '2019-11-07', 'TEST', 'ΠΑΡΩΝ', 68, '', '2019-11-07 00:00:00', NULL),
(24, 17, 6, 6, 6, 3, '2019-11-01', 'TEST', 'ΠΑΡΩΝ', 15, '', '2019-11-08 00:00:00', NULL),
(25, 16, 6, 5, 6, 3, '2019-11-03', 'ΔΙΑΓΩΝΙΣΜΑ', 'ΠΑΡΩΝ', 74, '', '2019-11-09 00:00:00', NULL),
(26, 16, 6, 5, 6, 3, '2019-10-25', 'TEST', 'ΑΠΩΝ', 0, '', '2019-11-09 00:00:00', NULL),
(27, 1, 6, 25, 6, 3, '2019-11-21', 'TEST', 'ΠΑΡΩΝ', 45, '', '2019-11-26 00:00:00', NULL),
(28, 1, 6, 25, 6, 3, '2019-11-28', 'TEST', 'ΠΑΡΩΝ', 33, '', '2019-11-30 00:00:00', NULL),
(29, 1, 6, 25, 6, 3, '2019-12-01', 'ΔΙΑΓΩΝΙΣΜΑ', 'ΠΑΡΩΝ', 12, '', '2019-12-03 00:00:00', NULL),
(30, 1, 6, 25, 6, 3, '2019-12-03', 'ΕΡΓΑΣΙΑ', 'ΠΑΡΩΝ', 14, '', '2019-12-05 00:00:00', NULL),
(31, 1, 6, 25, 6, 3, '2020-01-16', 'TEST', 'ΠΑΡΩΝ', 27, '', '2020-01-21 00:00:00', NULL),
(32, 1, 6, 25, 6, 3, '2020-01-03', 'ΔΙΑΓΩΝΙΣΜΑ', 'ΠΑΡΩΝ', 13, '', '2020-01-22 00:00:00', NULL),
(33, 1, 6, 25, 6, 3, '2020-01-23', 'TEST', 'ΠΑΡΩΝ', 50, '', '2020-01-28 00:00:00', NULL),
(34, 17, 6, 6, 6, 3, '2020-01-07', 'ΔΙΑΓΩΝΙΣΜΑ', 'ΠΑΡΩΝ', 40, '', '2020-01-31 00:00:00', NULL),
(35, 14, 6, 1, 6, 3, '2020-01-12', 'ΔΙΑΓΩΝΙΣΜΑ', 'ΠΑΡΩΝ', 36, '', '2020-02-04 00:00:00', NULL),
(36, 16, 6, 5, 6, 3, '2020-01-19', 'ΔΙΑΓΩΝΙΣΜΑ', 'ΠΑΡΩΝ', 77, '', '2020-02-07 00:00:00', NULL),
(37, 1, 7, 25, 6, 3, '2019-10-03', 'TEST', 'ΠΑΡΩΝ', 30, '', '2019-10-08 00:00:00', NULL),
(38, 1, 7, 25, 6, 3, '2019-10-06', 'ΔΙΑΓΩΝΙΣΜΑ', 'ΠΑΡΩΝ', 18, '', '2019-10-08 00:00:00', NULL),
(39, 1, 7, 25, 6, 3, '2019-10-10', 'TEST', 'ΠΑΡΩΝ', 56, '', '2019-10-10 00:00:00', NULL),
(40, 1, 7, 25, 6, 3, '2019-10-17', 'TEST', 'ΠΑΡΩΝ', 50, '', '2019-10-19 00:00:00', NULL),
(41, 17, 7, 6, 6, 3, '2019-10-13', 'ΔΙΑΓΩΝΙΣΜΑ', 'ΠΑΡΩΝ', 45, '', '2019-10-23 00:00:00', NULL),
(42, 17, 7, 6, 6, 3, '2019-09-05', 'ΔΙΑΓΩΝΙΣΜΑ', 'ΠΑΡΩΝ', 64, '', '2019-10-23 00:00:00', NULL),
(43, 17, 7, 6, 6, 3, '2019-10-18', 'TEST', 'ΠΑΡΩΝ', 50, '', '2019-10-23 00:00:00', NULL),
(44, 1, 7, 25, 6, 3, '2019-10-31', 'TEST', 'ΠΑΡΩΝ', 39, '', '2019-11-05 00:00:00', NULL),
(45, 14, 7, 1, 6, 3, '2019-10-20', 'ΔΙΑΓΩΝΙΣΜΑ', 'ΠΑΡΩΝ', 50, '', '2019-11-05 00:00:00', NULL),
(46, 14, 7, 1, 6, 3, '2019-09-02', 'ΔΙΑΓΩΝΙΣΜΑ', 'ΠΑΡΩΝ', 39, '', '2019-11-05 00:00:00', NULL),
(47, 1, 7, 25, 6, 3, '2019-11-07', 'TEST', 'ΠΑΡΩΝ', 86, '', '2019-11-07 00:00:00', NULL),
(48, 17, 7, 6, 6, 3, '2019-11-01', 'TEST', 'ΠΑΡΩΝ', 47, '', '2019-11-08 00:00:00', NULL),
(49, 16, 7, 5, 6, 3, '2019-11-03', 'ΔΙΑΓΩΝΙΣΜΑ', 'ΠΑΡΩΝ', 82, '', '2019-11-09 00:00:00', NULL),
(50, 16, 7, 5, 6, 3, '2019-10-25', 'TEST', 'ΠΑΡΩΝ', 82, '', '2019-11-09 00:00:00', NULL),
(51, 1, 7, 25, 6, 3, '2019-11-21', 'TEST', 'ΠΑΡΩΝ', 47, '', '2019-11-26 00:00:00', NULL),
(52, 1, 7, 25, 6, 3, '2019-11-28', 'TEST', 'ΠΑΡΩΝ', 50, '', '2019-11-30 00:00:00', NULL),
(53, 1, 7, 25, 6, 3, '2019-12-01', 'ΔΙΑΓΩΝΙΣΜΑ', 'ΠΑΡΩΝ', 31, '', '2019-12-03 00:00:00', NULL),
(54, 1, 7, 25, 6, 3, '2019-12-03', 'ΕΡΓΑΣΙΑ', 'ΠΑΡΩΝ', 49, '', '2019-12-05 00:00:00', NULL),
(55, 17, 7, 6, 6, 3, '2019-11-16', 'TEST', 'ΠΑΡΩΝ', 80, '', '2019-12-07 00:00:00', NULL),
(56, 1, 7, 25, 6, 3, '2020-01-16', 'TEST', 'ΠΑΡΩΝ', 46, '', '2020-01-21 00:00:00', NULL),
(57, 1, 7, 25, 6, 3, '2020-01-03', 'ΔΙΑΓΩΝΙΣΜΑ', 'ΑΠΩΝ', 0, '', '2020-01-22 00:00:00', NULL),
(58, 1, 7, 25, 6, 3, '2020-01-23', 'TEST', 'ΠΑΡΩΝ', 50, '', '2020-01-28 00:00:00', NULL),
(59, 17, 7, 6, 6, 3, '2020-01-07', 'ΔΙΑΓΩΝΙΣΜΑ', 'ΠΑΡΩΝ', 40, '', '2020-01-31 00:00:00', NULL),
(60, 14, 7, 1, 6, 3, '2020-01-12', 'ΔΙΑΓΩΝΙΣΜΑ', 'ΠΑΡΩΝ', 52, '', '2020-02-04 00:00:00', NULL),
(61, 16, 7, 5, 6, 3, '2020-01-19', 'ΔΙΑΓΩΝΙΣΜΑ', 'ΠΑΡΩΝ', 80, '', '2020-02-07 00:00:00', NULL),
(62, 16, 7, 5, 6, 3, '2020-01-31', 'TEST', 'ΠΑΡΩΝ', 76, '', '2020-02-07 00:00:00', NULL),
(63, 20, 8, 3, 6, 7, '2019-10-04', 'TEST', 'ΠΑΡΩΝ', 80, 'Προσοχή στις εκφωνήσεις', '2019-10-10 00:00:00', NULL),
(64, 13, 8, 4, 6, 7, '2019-10-15', 'TEST', 'ΠΑΡΩΝ', 75, '', '2019-10-21 00:00:00', NULL),
(65, 20, 8, 3, 6, 7, '2019-10-13', 'ΔΙΑΓΩΝΙΣΜΑ', 'ΠΑΡΩΝ', 40, '', '2019-10-30 00:00:00', NULL),
(66, 20, 8, 3, 6, 7, '2019-10-18', 'TEST', 'ΠΑΡΩΝ', 91, '', '2019-10-30 00:00:00', NULL),
(67, 14, 8, 1, 6, 7, '2019-10-20', 'ΔΙΑΓΩΝΙΣΜΑ', 'ΠΑΡΩΝ', 67, '', '2019-11-05 00:00:00', NULL),
(68, 14, 8, 1, 6, 7, '2019-09-02', 'ΔΙΑΓΩΝΙΣΜΑ', 'ΠΑΡΩΝ', 55, '', '2019-11-05 00:00:00', NULL),
(69, 13, 8, 4, 6, 7, '2019-11-03', 'ΔΙΑΓΩΝΙΣΜΑ', 'ΠΑΡΩΝ', 65, '', '2019-11-07 00:00:00', NULL),
(70, 20, 8, 3, 6, 7, '2019-11-01', 'TEST', 'ΠΑΡΩΝ', 70, '', '2019-11-07 00:00:00', NULL),
(71, 13, 8, 4, 6, 7, '2019-11-05', 'TEST', 'ΠΑΡΩΝ', 65, '', '2019-11-08 00:00:00', NULL),
(72, 18, 8, 8, 6, 7, '2019-10-06', 'ΔΙΑΓΩΝΙΣΜΑ', 'ΠΑΡΩΝ', 67, '', '2019-11-08 00:00:00', NULL),
(73, 20, 8, 3, 6, 7, '2019-11-08', 'TEST', 'ΠΑΡΩΝ', 55, '', '2019-11-15 00:00:00', NULL),
(74, 13, 8, 4, 6, 7, '2019-11-26', 'TEST', 'ΠΑΡΩΝ', 79, '', '2019-12-02 00:00:00', NULL),
(75, 20, 8, 3, 6, 7, '2019-11-22', 'TEST', 'ΠΑΡΩΝ', 100, '', '2019-12-10 00:00:00', NULL),
(76, 20, 8, 3, 6, 7, '2019-11-29', 'TEST', 'ΠΑΡΩΝ', 75, '', '2019-12-11 00:00:00', NULL),
(77, 18, 8, 8, 6, 7, '2019-12-01', 'ΔΙΑΓΩΝΙΣΜΑ', 'ΠΑΡΩΝ', 71, '', '2019-12-12 00:00:00', NULL),
(78, 18, 8, 8, 6, 7, '2019-11-19', 'ΕΡΓΑΣΙΑ', 'ΠΑΡΩΝ', 96, '', '2019-12-12 00:00:00', NULL),
(79, 13, 8, 4, 6, 7, '2019-12-17', 'TEST', 'ΠΑΡΩΝ', 72, '', '2020-01-09 00:00:00', NULL),
(80, 20, 8, 3, 6, 7, '2020-01-07', 'ΔΙΑΓΩΝΙΣΜΑ', 'ΠΑΡΩΝ', 52, '', '2020-01-30 00:00:00', NULL),
(81, 20, 8, 3, 6, 7, '2020-01-24', 'TEST', 'ΠΑΡΩΝ', 95, '', '2020-01-30 00:00:00', NULL),
(82, 20, 8, 3, 6, 7, '2019-12-20', 'ΔΙΑΓΩΝΙΣΜΑ', 'ΠΑΡΩΝ', 57, '', '2020-01-31 00:00:00', NULL),
(83, 13, 8, 4, 6, 7, '2020-01-19', 'ΔΙΑΓΩΝΙΣΜΑ', 'ΠΑΡΩΝ', 61, '', '2020-02-03 00:00:00', NULL),
(84, 13, 8, 4, 6, 7, '2020-01-21', 'TEST', 'ΠΑΡΩΝ', 73, '', '2020-02-03 00:00:00', NULL),
(85, 14, 8, 1, 6, 7, '2020-01-12', 'ΔΙΑΓΩΝΙΣΜΑ', 'ΠΑΡΩΝ', 72, '', '2020-02-04 00:00:00', NULL),
(86, 13, 8, 4, 6, 7, '2020-02-11', 'TEST', 'ΑΠΩΝ', 0, '', '2020-03-03 00:00:00', NULL),
(87, 18, 8, 8, 6, 7, '2019-11-12', 'ΕΡΓΑΣΙΑ', 'ΠΑΡΩΝ', 88, '', '2020-03-11 00:00:00', NULL),
(88, 18, 8, 8, 6, 7, '2020-02-16', 'ΔΙΑΓΩΝΙΣΜΑ', 'ΠΑΡΩΝ', 83, '', '2020-03-11 00:00:00', NULL),
(89, 18, 8, 8, 6, 7, '2020-02-16', 'TEST', 'ΠΑΡΩΝ', 85, '', '2020-03-11 00:00:00', NULL),
(90, 18, 8, 8, 6, 7, '2020-02-04', 'TEST', 'ΠΑΡΩΝ', 75, '', '2020-03-11 00:00:00', NULL),
(91, 13, 8, 4, 6, 7, '2020-03-08', 'ΔΙΑΓΩΝΙΣΜΑ', 'ΠΑΡΩΝ', 54, '', '2020-04-05 00:00:00', NULL),
(92, 13, 8, 4, 6, 7, '2020-03-22', 'ΔΙΑΓΩΝΙΣΜΑ', 'ΠΑΡΩΝ', 66, '', '2020-04-20 00:00:00', NULL),
(93, 13, 8, 4, 6, 7, '2020-03-03', 'TEST', 'ΠΑΡΩΝ', 70, '', '2020-04-23 00:00:00', NULL),
(94, 15, 9, 7, 6, 5, '2019-10-06', 'ΔΙΑΓΩΝΙΣΜΑ', 'ΠΑΡΩΝ', 81, '', '2019-11-07 00:00:00', NULL),
(95, 15, 9, 11, 6, 5, '2019-10-13', 'ΔΙΑΓΩΝΙΣΜΑ', 'ΠΑΡΩΝ', 90, '', '2019-11-07 00:00:00', NULL),
(96, 15, 9, 16, 6, 5, '2019-11-03', 'ΔΙΑΓΩΝΙΣΜΑ', 'ΠΑΡΩΝ', 85, '', '2019-11-07 00:00:00', NULL),
(97, 15, 9, 7, 6, 5, '2019-12-01', 'ΔΙΑΓΩΝΙΣΜΑ', 'ΠΑΡΩΝ', 87, '', '2020-02-05 00:00:00', NULL),
(98, 15, 9, 7, 6, 5, '2020-01-03', 'ΔΙΑΓΩΝΙΣΜΑ', 'ΠΑΡΩΝ', 69, '', '2020-02-05 00:00:00', NULL),
(99, 15, 9, 16, 6, 5, '2019-11-03', 'ΔΙΑΓΩΝΙΣΜΑ', 'ΠΑΡΩΝ', 98, '', '2020-02-05 00:00:00', NULL),
(100, 15, 9, 16, 6, 5, '2020-01-07', 'ΔΙΑΓΩΝΙΣΜΑ', 'ΠΑΡΩΝ', 98, '', '2020-02-05 00:00:00', NULL),
(101, 15, 9, 11, 6, 5, '2019-12-08', 'ΔΙΑΓΩΝΙΣΜΑ', 'ΠΑΡΩΝ', 90, '', '2020-02-05 00:00:00', NULL),
(102, 15, 9, 11, 6, 5, '2020-01-19', 'ΔΙΑΓΩΝΙΣΜΑ', 'ΠΑΡΩΝ', 87, '', '2020-02-05 00:00:00', NULL),
(103, 15, 10, 1, 9, 6, '2019-10-06', 'ΔΙΑΓΩΝΙΣΜΑ', 'ΠΑΡΩΝ', 75, '', '2019-11-08 00:00:00', NULL),
(104, 18, 10, 22, 9, 6, '2019-11-03', 'ΔΙΑΓΩΝΙΣΜΑ', 'ΠΑΡΩΝ', 68, '', '2019-11-08 00:00:00', NULL),
(105, 18, 10, 21, 9, 6, '2019-10-20', 'ΔΙΑΓΩΝΙΣΜΑ', 'ΠΑΡΩΝ', 79, '', '2019-11-08 00:00:00', NULL),
(106, 18, 10, 21, 9, 6, '2019-09-05', 'ΔΙΑΓΩΝΙΣΜΑ', 'ΠΑΡΩΝ', 41, '', '2019-11-08 00:00:00', NULL),
(107, 18, 10, 21, 9, 6, '2019-10-03', 'TEST', 'ΠΑΡΩΝ', 95, 'πεπτικό σύστημα', '2019-11-08 00:00:00', NULL),
(108, 15, 10, 1, 9, 6, '2020-01-07', 'ΔΙΑΓΩΝΙΣΜΑ', 'ΠΑΡΩΝ', 80, '', '2020-02-05 00:00:00', NULL),
(109, 15, 10, 1, 9, 6, '2020-02-02', 'ΔΙΑΓΩΝΙΣΜΑ', 'ΠΑΡΩΝ', 85, '', '2020-02-05 00:00:00', NULL),
(110, 18, 10, 22, 9, 6, '2020-01-19', 'ΔΙΑΓΩΝΙΣΜΑ', 'ΠΑΡΩΝ', 57, '', '2020-02-06 00:00:00', NULL),
(111, 18, 10, 22, 9, 6, '2020-01-27', 'TEST', 'ΠΑΡΩΝ', 84, '', '2020-02-06 00:00:00', NULL),
(112, 18, 10, 21, 9, 6, '2020-01-12', 'ΔΙΑΓΩΝΙΣΜΑ', 'ΠΑΡΩΝ', 72, '', '2020-02-06 00:00:00', NULL),
(113, 18, 10, 21, 9, 6, '2020-02-23', 'ΔΙΑΓΩΝΙΣΜΑ', 'ΠΑΡΩΝ', 92, '', '2020-03-11 00:00:00', NULL),
(114, 15, 11, 7, 6, 5, '2019-10-06', 'ΔΙΑΓΩΝΙΣΜΑ', 'ΠΑΡΩΝ', 68, '', '2019-11-07 00:00:00', NULL),
(115, 15, 11, 11, 6, 5, '2019-10-13', 'ΔΙΑΓΩΝΙΣΜΑ', 'ΠΑΡΩΝ', 81, '', '2019-11-07 00:00:00', NULL),
(116, 15, 11, 16, 6, 5, '2019-11-03', 'ΔΙΑΓΩΝΙΣΜΑ', 'ΠΑΡΩΝ', 93, '', '2019-11-07 00:00:00', NULL),
(117, 15, 11, 7, 6, 5, '2019-12-01', 'ΔΙΑΓΩΝΙΣΜΑ', 'ΠΑΡΩΝ', 88, '', '2020-02-05 00:00:00', NULL),
(118, 15, 11, 7, 6, 5, '2020-01-03', 'ΔΙΑΓΩΝΙΣΜΑ', 'ΠΑΡΩΝ', 80, '', '2020-02-05 00:00:00', NULL),
(119, 15, 11, 16, 6, 5, '2019-11-03', 'ΔΙΑΓΩΝΙΣΜΑ', 'ΠΑΡΩΝ', 98, '', '2020-02-05 00:00:00', NULL),
(120, 15, 11, 16, 6, 5, '2020-01-07', 'ΔΙΑΓΩΝΙΣΜΑ', 'ΠΑΡΩΝ', 98, '', '2020-02-05 00:00:00', NULL),
(121, 15, 11, 11, 6, 5, '2019-12-08', 'ΔΙΑΓΩΝΙΣΜΑ', 'ΠΑΡΩΝ', 90, '', '2020-02-05 00:00:00', NULL),
(122, 15, 11, 11, 6, 5, '2020-01-19', 'ΔΙΑΓΩΝΙΣΜΑ', 'ΠΑΡΩΝ', 88, '', '2020-02-05 00:00:00', NULL),
(123, 20, 12, 20, 9, 6, '2019-10-20', 'ΔΙΑΓΩΝΙΣΜΑ', 'ΠΑΡΩΝ', 72, 'Ηλεκτρικές Μηχανές', '2019-11-06 00:00:00', NULL),
(124, 20, 12, 19, 9, 6, '2019-11-03', 'ΔΙΑΓΩΝΙΣΜΑ', 'ΠΑΡΩΝ', 60, '', '2019-11-06 00:00:00', NULL),
(125, 15, 12, 1, 9, 6, '2019-10-06', 'ΔΙΑΓΩΝΙΣΜΑ', 'ΠΑΡΩΝ', 40, '', '2019-11-07 00:00:00', NULL),
(126, 15, 12, 1, 9, 6, '2020-01-07', 'ΔΙΑΓΩΝΙΣΜΑ', 'ΑΠΩΝ', 0, '', '2020-02-05 00:00:00', NULL),
(127, 15, 12, 1, 9, 6, '2020-02-02', 'ΔΙΑΓΩΝΙΣΜΑ', 'ΑΠΩΝ', 0, '', '2020-02-05 00:00:00', NULL),
(128, 14, 13, 1, 6, 5, '2019-10-20', 'ΔΙΑΓΩΝΙΣΜΑ', 'ΠΑΡΩΝ', 40, '', '2019-11-05 00:00:00', NULL),
(129, 14, 13, 1, 6, 5, '2019-09-02', 'ΔΙΑΓΩΝΙΣΜΑ', 'ΠΑΡΩΝ', 41, '', '2019-11-05 00:00:00', NULL),
(130, 15, 13, 7, 6, 5, '2019-10-06', 'ΔΙΑΓΩΝΙΣΜΑ', 'ΠΑΡΩΝ', 46, '', '2019-11-07 00:00:00', NULL),
(131, 15, 13, 11, 6, 5, '2019-10-13', 'ΔΙΑΓΩΝΙΣΜΑ', 'ΠΑΡΩΝ', 40, '', '2019-11-07 00:00:00', NULL),
(132, 15, 13, 16, 6, 5, '2019-11-03', 'ΔΙΑΓΩΝΙΣΜΑ', 'ΠΑΡΩΝ', 78, '', '2019-11-07 00:00:00', NULL),
(133, 14, 13, 1, 6, 5, '2020-01-12', 'ΔΙΑΓΩΝΙΣΜΑ', 'ΠΑΡΩΝ', 53, '', '2020-02-04 00:00:00', NULL),
(134, 15, 13, 7, 6, 5, '2019-12-01', 'ΔΙΑΓΩΝΙΣΜΑ', 'ΠΑΡΩΝ', 68, '', '2020-02-05 00:00:00', NULL),
(135, 15, 13, 7, 6, 5, '2020-01-03', 'ΔΙΑΓΩΝΙΣΜΑ', 'ΠΑΡΩΝ', 40, '', '2020-02-05 00:00:00', NULL),
(136, 15, 13, 16, 6, 5, '2019-11-03', 'ΔΙΑΓΩΝΙΣΜΑ', 'ΠΑΡΩΝ', 98, '', '2020-02-05 00:00:00', NULL),
(137, 15, 13, 16, 6, 5, '2020-01-07', 'ΔΙΑΓΩΝΙΣΜΑ', 'ΠΑΡΩΝ', 85, '', '2020-02-05 00:00:00', NULL),
(138, 15, 13, 11, 6, 5, '2019-12-08', 'ΔΙΑΓΩΝΙΣΜΑ', 'ΠΑΡΩΝ', 90, '', '2020-02-05 00:00:00', NULL),
(139, 15, 13, 11, 6, 5, '2020-01-19', 'ΔΙΑΓΩΝΙΣΜΑ', 'ΠΑΡΩΝ', 80, '', '2020-02-05 00:00:00', NULL),
(140, 1, 14, 25, 5, 24, '2019-10-03', 'TEST', 'ΠΑΡΩΝ', 48, '', '2019-10-08 00:00:00', NULL),
(141, 1, 14, 25, 5, 24, '2019-10-18', 'TEST', 'ΠΑΡΩΝ', 50, '', '2019-10-19 00:00:00', NULL),
(142, 1, 14, 25, 5, 24, '2019-10-20', 'ΔΙΑΓΩΝΙΣΜΑ', 'ΠΑΡΩΝ', 20, '', '2019-10-22 00:00:00', NULL),
(143, 1, 14, 25, 5, 24, '2019-10-31', 'TEST', 'ΠΑΡΩΝ', 47, '', '2019-11-05 00:00:00', NULL),
(144, 14, 14, 1, 5, 24, '2019-10-06', 'ΔΙΑΓΩΝΙΣΜΑ', 'ΠΑΡΩΝ', 57, '', '2019-11-05 00:00:00', NULL),
(145, 17, 14, 6, 5, 24, '2019-10-10', 'TEST', 'ΠΑΡΩΝ', 60, '', '2019-11-05 00:00:00', NULL),
(146, 20, 14, 3, 5, 24, '2019-10-13', 'ΔΙΑΓΩΝΙΣΜΑ', 'ΠΑΡΩΝ', 43, '', '2019-11-06 00:00:00', NULL),
(147, 16, 14, 5, 5, 24, '2019-11-03', 'ΔΙΑΓΩΝΙΣΜΑ', 'ΠΑΡΩΝ', 74, '', '2019-11-09 00:00:00', NULL),
(148, 16, 14, 5, 5, 24, '2019-10-24', 'TEST', 'ΠΑΡΩΝ', 76, '', '2019-11-09 00:00:00', NULL),
(149, 1, 14, 25, 5, 24, '2019-11-15', 'TEST', 'ΠΑΡΩΝ', 90, '', '2019-11-19 00:00:00', NULL),
(150, 1, 14, 25, 5, 24, '2019-11-29', 'TEST', 'ΠΑΡΩΝ', 47, '', '2019-12-03 00:00:00', NULL),
(151, 1, 14, 25, 5, 24, '2019-12-01', 'ΔΙΑΓΩΝΙΣΜΑ', 'ΑΠΩΝ', 0, '', '2019-12-03 00:00:00', NULL),
(152, 1, 14, 25, 5, 24, '2019-12-03', 'ΕΡΓΑΣΙΑ', 'ΠΑΡΩΝ', 33, '', '2019-12-04 00:00:00', NULL),
(153, 1, 14, 25, 5, 24, '2019-12-13', 'TEST', 'ΠΑΡΩΝ', 50, '', '2019-12-14 00:00:00', NULL),
(154, 1, 14, 25, 5, 24, '2020-01-03', 'ΔΙΑΓΩΝΙΣΜΑ', 'ΠΑΡΩΝ', 19, '', '2020-01-15 00:00:00', NULL),
(155, 1, 14, 25, 5, 24, '2020-01-10', 'TEST', 'ΠΑΡΩΝ', 65, '', '2020-01-15 00:00:00', NULL),
(156, 1, 14, 25, 5, 24, '2020-01-24', 'TEST', 'ΠΑΡΩΝ', 40, '', '2020-01-28 00:00:00', NULL),
(157, 17, 14, 6, 5, 24, '2020-01-17', 'TEST', 'ΠΑΡΩΝ', 40, '', '2020-01-28 00:00:00', NULL),
(158, 20, 14, 3, 5, 24, '2020-01-07', 'ΔΙΑΓΩΝΙΣΜΑ', 'ΠΑΡΩΝ', 30, '', '2020-01-30 00:00:00', NULL),
(159, 17, 14, 6, 5, 24, '2020-01-19', 'ΔΙΑΓΩΝΙΣΜΑ', 'ΠΑΡΩΝ', 55, '', '2020-01-31 00:00:00', NULL),
(160, 14, 14, 1, 5, 24, '2020-01-12', 'ΔΙΑΓΩΝΙΣΜΑ', 'ΑΠΩΝ', 0, '', '2020-02-04 00:00:00', NULL),
(161, 16, 14, 5, 5, 24, '2020-01-19', 'ΔΙΑΓΩΝΙΣΜΑ', 'ΠΑΡΩΝ', 77, '', '2020-02-07 00:00:00', NULL),
(162, 16, 14, 5, 5, 24, '2020-01-31', 'TEST', 'ΑΠΩΝ', 0, '', '2020-02-07 00:00:00', NULL),
(163, 1, 14, 25, 5, 24, '2020-02-07', 'TEST', 'ΠΑΡΩΝ', 52, '', '2020-02-08 00:00:00', NULL),
(164, 1, 14, 25, 5, 24, '2020-02-21', 'TEST', 'ΑΠΩΝ', 0, '', '2020-02-27 00:00:00', NULL),
(165, 1, 15, 25, 5, 24, '2019-10-03', 'TEST', 'ΠΑΡΩΝ', 68, '', '2019-10-08 00:00:00', NULL),
(166, 1, 15, 25, 5, 24, '2019-10-18', 'TEST', 'ΠΑΡΩΝ', 55, '', '2019-10-19 00:00:00', NULL),
(167, 1, 15, 25, 5, 24, '2019-10-20', 'ΔΙΑΓΩΝΙΣΜΑ', 'ΠΑΡΩΝ', 34, '', '2019-10-22 00:00:00', NULL),
(168, 20, 15, 3, 5, 24, '2019-10-13', 'ΔΙΑΓΩΝΙΣΜΑ', 'ΠΑΡΩΝ', 76, '', '2019-10-30 00:00:00', NULL),
(169, 1, 15, 25, 5, 24, '2019-10-31', 'TEST', 'ΠΑΡΩΝ', 45, '', '2019-11-05 00:00:00', NULL),
(170, 14, 15, 1, 5, 24, '2019-10-06', 'ΔΙΑΓΩΝΙΣΜΑ', 'ΠΑΡΩΝ', 43, '', '2019-11-05 00:00:00', NULL),
(171, 17, 15, 6, 5, 24, '2019-10-10', 'TEST', 'ΠΑΡΩΝ', 60, '', '2019-11-05 00:00:00', NULL),
(172, 17, 15, 6, 5, 24, '2019-11-02', 'ΔΙΑΓΩΝΙΣΜΑ', 'ΠΑΡΩΝ', 48, '', '2019-11-08 00:00:00', NULL),
(173, 16, 15, 5, 5, 24, '2019-11-03', 'ΔΙΑΓΩΝΙΣΜΑ', 'ΠΑΡΩΝ', 83, '', '2019-11-09 00:00:00', NULL),
(174, 16, 15, 5, 5, 24, '2019-10-24', 'TEST', 'ΠΑΡΩΝ', 77, '', '2019-11-09 00:00:00', NULL),
(175, 1, 15, 25, 5, 24, '2019-11-15', 'TEST', 'ΠΑΡΩΝ', 96, '', '2019-11-19 00:00:00', NULL),
(176, 1, 15, 25, 5, 24, '2019-11-29', 'TEST', 'ΠΑΡΩΝ', 54, '', '2019-12-03 00:00:00', NULL),
(177, 1, 15, 25, 5, 24, '2019-12-01', 'ΔΙΑΓΩΝΙΣΜΑ', 'ΠΑΡΩΝ', 39, '', '2019-12-03 00:00:00', NULL),
(178, 1, 15, 25, 5, 24, '2019-12-03', 'ΕΡΓΑΣΙΑ', 'ΠΑΡΩΝ', 24, '', '2019-12-04 00:00:00', NULL),
(179, 1, 15, 25, 5, 24, '2019-12-13', 'TEST', 'ΠΑΡΩΝ', 47, '', '2019-12-14 00:00:00', NULL),
(180, 1, 15, 25, 5, 24, '2020-01-03', 'ΔΙΑΓΩΝΙΣΜΑ', 'ΠΑΡΩΝ', 33, '', '2020-01-15 00:00:00', NULL),
(181, 1, 15, 25, 5, 24, '2020-01-10', 'TEST', 'ΠΑΡΩΝ', 65, '', '2020-01-15 00:00:00', NULL),
(182, 1, 15, 25, 5, 24, '2020-01-24', 'TEST', 'ΠΑΡΩΝ', 50, '', '2020-01-28 00:00:00', NULL),
(183, 17, 15, 6, 5, 24, '2020-01-17', 'TEST', 'ΠΑΡΩΝ', 45, '', '2020-01-28 00:00:00', NULL),
(184, 20, 15, 3, 5, 24, '2020-01-07', 'ΔΙΑΓΩΝΙΣΜΑ', 'ΠΑΡΩΝ', 40, '', '2020-01-30 00:00:00', NULL),
(185, 17, 15, 6, 5, 24, '2020-01-19', 'ΔΙΑΓΩΝΙΣΜΑ', 'ΠΑΡΩΝ', 66, '', '2020-01-31 00:00:00', NULL),
(186, 14, 15, 1, 5, 24, '2020-01-12', 'ΔΙΑΓΩΝΙΣΜΑ', 'ΑΠΩΝ', 0, '', '2020-02-04 00:00:00', NULL),
(187, 16, 15, 5, 5, 24, '2020-01-19', 'ΔΙΑΓΩΝΙΣΜΑ', 'ΠΑΡΩΝ', 81, '', '2020-02-07 00:00:00', NULL),
(188, 1, 15, 25, 5, 24, '2020-02-07', 'TEST', 'ΠΑΡΩΝ', 67, '', '2020-02-08 00:00:00', NULL),
(189, 1, 15, 25, 5, 24, '2020-02-21', 'TEST', 'ΑΠΩΝ', 0, '', '2020-02-27 00:00:00', NULL),
(190, 13, 17, 4, 10, 28, '2019-10-15', 'TEST', 'ΠΑΡΩΝ', 63, '', '2019-10-21 00:00:00', NULL),
(191, 20, 17, 3, 10, 28, '2019-10-13', 'ΔΙΑΓΩΝΙΣΜΑ', 'ΠΑΡΩΝ', 35, '', '2019-10-30 00:00:00', NULL),
(192, 14, 17, 1, 10, 28, '2019-10-20', 'ΔΙΑΓΩΝΙΣΜΑ', 'ΠΑΡΩΝ', 56, '', '2019-11-05 00:00:00', NULL),
(193, 20, 17, 3, 10, 28, '2019-11-01', 'TEST', 'ΠΑΡΩΝ', 55, '', '2019-11-06 00:00:00', NULL),
(194, 13, 17, 4, 10, 28, '2019-11-03', 'ΔΙΑΓΩΝΙΣΜΑ', 'ΠΑΡΩΝ', 46, '', '2019-11-07 00:00:00', NULL),
(195, 13, 17, 4, 10, 28, '2019-11-05', 'TEST', 'ΠΑΡΩΝ', 50, '', '2019-11-08 00:00:00', NULL),
(196, 18, 17, 8, 10, 28, '2019-10-06', 'ΔΙΑΓΩΝΙΣΜΑ', 'ΠΑΡΩΝ', 46, '', '2019-11-08 00:00:00', NULL),
(197, 13, 17, 4, 10, 28, '2019-11-26', 'TEST', 'ΠΑΡΩΝ', 84, '', '2019-12-02 00:00:00', NULL),
(198, 20, 17, 3, 10, 28, '2019-11-08', 'TEST', 'ΠΑΡΩΝ', 44, '', '2019-12-10 00:00:00', NULL),
(199, 20, 17, 3, 10, 28, '2019-11-29', 'TEST', 'ΠΑΡΩΝ', 50, '', '2019-12-10 00:00:00', NULL),
(200, 20, 17, 3, 10, 28, '2019-12-08', 'ΔΙΑΓΩΝΙΣΜΑ', 'ΠΑΡΩΝ', 30, '', '2019-12-12 00:00:00', NULL),
(201, 18, 17, 8, 10, 28, '2019-12-01', 'ΔΙΑΓΩΝΙΣΜΑ', 'ΠΑΡΩΝ', 54, '', '2019-12-12 00:00:00', NULL),
(202, 18, 17, 8, 10, 28, '2019-11-19', 'ΕΡΓΑΣΙΑ', 'ΠΑΡΩΝ', 75, '', '2019-12-12 00:00:00', NULL),
(203, 13, 17, 4, 10, 28, '2019-12-17', 'TEST', 'ΠΑΡΩΝ', 61, '', '2020-01-09 00:00:00', NULL),
(204, 20, 17, 3, 10, 28, '2020-01-07', 'ΔΙΑΓΩΝΙΣΜΑ', 'ΠΑΡΩΝ', 30, '', '2020-01-30 00:00:00', NULL),
(205, 20, 17, 3, 10, 28, '2020-01-24', 'TEST', 'ΠΑΡΩΝ', 40, '', '2020-01-30 00:00:00', NULL),
(206, 13, 17, 4, 10, 28, '2020-01-19', 'ΔΙΑΓΩΝΙΣΜΑ', 'ΠΑΡΩΝ', 44, '', '2020-02-03 00:00:00', NULL),
(207, 13, 17, 4, 10, 28, '2020-01-21', 'TEST', 'ΠΑΡΩΝ', 52, '', '2020-02-03 00:00:00', NULL),
(208, 14, 17, 1, 10, 28, '2020-01-12', 'ΔΙΑΓΩΝΙΣΜΑ', 'ΠΑΡΩΝ', 55, '', '2020-02-04 00:00:00', NULL),
(209, 18, 17, 8, 10, 28, '2020-01-03', 'ΔΙΑΓΩΝΙΣΜΑ', 'ΠΑΡΩΝ', 70, '', '2020-02-06 00:00:00', NULL),
(210, 20, 17, 3, 10, 28, '2020-02-14', 'TEST', 'ΠΑΡΩΝ', 70, '', '2020-02-25 00:00:00', NULL),
(211, 20, 17, 3, 10, 28, '2020-01-31', 'TEST', 'ΠΑΡΩΝ', 75, '', '2020-02-25 00:00:00', NULL),
(212, 13, 17, 4, 10, 28, '2020-02-11', 'TEST', 'ΠΑΡΩΝ', 66, '', '2020-03-03 00:00:00', NULL),
(213, 18, 17, 8, 10, 28, '2020-02-16', 'ΔΙΑΓΩΝΙΣΜΑ', 'ΠΑΡΩΝ', 65, '', '2020-03-11 00:00:00', NULL),
(214, 18, 17, 8, 10, 28, '2020-02-18', 'TEST', 'ΠΑΡΩΝ', 75, '', '2020-03-11 00:00:00', NULL),
(215, 18, 17, 8, 10, 28, '2020-02-04', 'TEST', 'ΠΑΡΩΝ', 90, '', '2020-03-11 00:00:00', NULL),
(216, 13, 17, 4, 10, 28, '2020-03-08', 'ΔΙΑΓΩΝΙΣΜΑ', 'ΠΑΡΩΝ', 55, '', '2020-04-05 00:00:00', NULL),
(217, 13, 17, 4, 10, 28, '2020-03-22', 'ΔΙΑΓΩΝΙΣΜΑ', 'ΠΑΡΩΝ', 45, '', '2020-04-20 00:00:00', NULL),
(218, 13, 17, 4, 10, 28, '2020-03-03', 'TEST', 'ΠΑΡΩΝ', 65, '', '2020-04-23 00:00:00', NULL),
(219, 20, 18, 18, 9, 6, '2019-11-03', 'ΔΙΑΓΩΝΙΣΜΑ', 'ΠΑΡΩΝ', 50, '', '2019-11-06 00:00:00', NULL),
(220, 15, 18, 17, 9, 6, '2019-10-20', 'ΔΙΑΓΩΝΙΣΜΑ', 'ΠΑΡΩΝ', 70, '', '2019-11-07 00:00:00', NULL),
(221, 15, 18, 1, 9, 6, '2019-10-06', 'ΔΙΑΓΩΝΙΣΜΑ', 'ΠΑΡΩΝ', 45, '', '2019-11-07 00:00:00', NULL),
(222, 20, 18, 18, 9, 6, '2020-01-19', 'ΔΙΑΓΩΝΙΣΜΑ', 'ΠΑΡΩΝ', 50, '', '2020-02-05 00:00:00', NULL),
(223, 15, 18, 1, 9, 6, '2020-01-07', 'ΔΙΑΓΩΝΙΣΜΑ', 'ΠΑΡΩΝ', 55, '', '2020-02-05 00:00:00', NULL),
(224, 15, 18, 1, 9, 6, '2020-02-02', 'ΔΙΑΓΩΝΙΣΜΑ', 'ΠΑΡΩΝ', 55, '', '2020-02-05 00:00:00', NULL),
(225, 15, 18, 17, 9, 6, '2020-01-12', 'ΔΙΑΓΩΝΙΣΜΑ', 'ΠΑΡΩΝ', 70, '', '2020-02-05 00:00:00', NULL),
(226, 1, 19, 25, 5, 13, '2019-10-03', 'TEST', 'ΠΑΡΩΝ', 75, '', '2019-10-08 00:00:00', NULL),
(227, 1, 19, 25, 5, 13, '2019-10-18', 'TEST', 'ΠΑΡΩΝ', 45, '', '2019-10-19 00:00:00', NULL),
(228, 1, 19, 25, 5, 13, '2019-10-20', 'ΔΙΑΓΩΝΙΣΜΑ', 'ΠΑΡΩΝ', 93, '', '2019-10-22 00:00:00', NULL),
(229, 20, 19, 3, 5, 13, '2019-10-13', 'ΔΙΑΓΩΝΙΣΜΑ', 'ΠΑΡΩΝ', 85, '', '2019-10-30 00:00:00', NULL),
(230, 1, 19, 25, 5, 13, '2019-10-31', 'TEST', 'ΠΑΡΩΝ', 90, '', '2019-11-05 00:00:00', NULL),
(231, 14, 19, 1, 5, 13, '2019-10-06', 'ΔΙΑΓΩΝΙΣΜΑ', 'ΠΑΡΩΝ', 54, '', '2019-11-05 00:00:00', NULL),
(232, 13, 19, 4, 5, 13, '2019-11-03', 'ΔΙΑΓΩΝΙΣΜΑ', 'ΠΑΡΩΝ', 78, '', '2019-11-07 00:00:00', NULL),
(233, 13, 19, 4, 5, 13, '2019-10-25', 'TEST', 'ΠΑΡΩΝ', 100, '', '2019-11-07 00:00:00', NULL),
(234, 1, 19, 25, 5, 13, '2019-11-15', 'TEST', 'ΠΑΡΩΝ', 96, '', '2019-11-19 00:00:00', NULL),
(235, 13, 19, 4, 5, 13, '2019-11-22', 'TEST', 'ΠΑΡΩΝ', 91, '', '2019-12-02 00:00:00', NULL),
(236, 1, 19, 25, 5, 13, '2019-11-29', 'TEST', 'ΑΠΩΝ', 0, '', '2019-12-03 00:00:00', NULL),
(237, 1, 19, 25, 5, 13, '2019-12-01', 'ΔΙΑΓΩΝΙΣΜΑ', 'ΠΑΡΩΝ', 84, '', '2019-12-03 00:00:00', NULL),
(238, 1, 19, 25, 5, 13, '2019-12-03', 'ΕΡΓΑΣΙΑ', 'ΠΑΡΩΝ', 88, '', '2019-12-05 00:00:00', NULL),
(239, 20, 19, 3, 5, 13, '2019-11-08', 'TEST', 'ΠΑΡΩΝ', 100, '', '2019-12-11 00:00:00', NULL),
(240, 20, 19, 3, 5, 13, '2019-12-08', 'ΔΙΑΓΩΝΙΣΜΑ', 'ΠΑΡΩΝ', 63, '', '2019-12-12 00:00:00', NULL),
(241, 1, 19, 25, 5, 13, '2019-12-13', 'TEST', 'ΠΑΡΩΝ', 87, '', '2019-12-14 00:00:00', NULL),
(242, 1, 19, 25, 5, 13, '2020-01-03', 'ΔΙΑΓΩΝΙΣΜΑ', 'ΑΠΩΝ', 0, '', '2020-01-15 00:00:00', NULL),
(243, 1, 19, 25, 5, 13, '2020-01-10', 'TEST', 'ΑΠΩΝ', 0, '', '2020-01-15 00:00:00', NULL),
(244, 1, 19, 25, 5, 13, '2020-01-24', 'TEST', 'ΑΠΩΝ', 0, '', '2020-01-28 00:00:00', NULL),
(245, 13, 19, 4, 5, 13, '2019-12-20', 'TEST', 'ΠΑΡΩΝ', 71, '', '2020-02-03 00:00:00', NULL),
(246, 13, 19, 4, 5, 13, '2020-01-19', 'ΔΙΑΓΩΝΙΣΜΑ', 'ΠΑΡΩΝ', 75, '', '2020-02-03 00:00:00', NULL),
(247, 13, 19, 4, 5, 13, '2020-01-31', 'TEST', 'ΠΑΡΩΝ', 83, '', '2020-02-03 00:00:00', NULL),
(248, 14, 19, 1, 5, 13, '2020-01-12', 'ΔΙΑΓΩΝΙΣΜΑ', 'ΠΑΡΩΝ', 58, '', '2020-02-04 00:00:00', NULL),
(249, 18, 19, 8, 5, 13, '2020-01-03', 'ΔΙΑΓΩΝΙΣΜΑ', 'ΠΑΡΩΝ', 48, '', '2020-02-06 00:00:00', NULL),
(250, 1, 19, 25, 5, 13, '2020-02-07', 'TEST', 'ΠΑΡΩΝ', 100, '', '2020-02-08 00:00:00', NULL),
(251, 1, 19, 25, 5, 13, '2020-02-21', 'TEST', 'ΠΑΡΩΝ', 98, '', '2020-02-27 00:00:00', NULL),
(252, 13, 19, 4, 5, 13, '2020-03-22', 'ΔΙΑΓΩΝΙΣΜΑ', 'ΠΑΡΩΝ', 86, '', '2020-04-05 00:00:00', NULL),
(253, 13, 19, 4, 5, 13, '2020-02-28', 'TEST', 'ΠΑΡΩΝ', 66, '', '2020-04-05 00:00:00', NULL),
(254, 1, 20, 25, 5, 24, '2019-10-03', 'TEST', 'ΠΑΡΩΝ', 56, '', '2019-10-08 00:00:00', NULL),
(255, 1, 20, 25, 5, 24, '2019-10-18', 'TEST', 'ΠΑΡΩΝ', 35, '', '2019-10-19 00:00:00', NULL),
(256, 1, 20, 25, 5, 24, '2019-10-20', 'ΔΙΑΓΩΝΙΣΜΑ', 'ΠΑΡΩΝ', 19, '', '2019-10-22 00:00:00', NULL),
(257, 1, 20, 25, 5, 24, '2019-10-31', 'TEST', 'ΠΑΡΩΝ', 29, '', '2019-11-05 00:00:00', NULL),
(258, 14, 20, 1, 5, 24, '2019-10-06', 'ΔΙΑΓΩΝΙΣΜΑ', 'ΠΑΡΩΝ', 45, '', '2019-11-05 00:00:00', NULL),
(259, 17, 20, 6, 5, 24, '2019-10-10', 'TEST', 'ΠΑΡΩΝ', 50, '', '2019-11-05 00:00:00', NULL),
(260, 20, 20, 3, 5, 24, '2019-10-13', 'ΔΙΑΓΩΝΙΣΜΑ', 'ΠΑΡΩΝ', 58, '', '2019-11-06 00:00:00', NULL),
(261, 16, 20, 5, 5, 24, '2019-11-03', 'ΔΙΑΓΩΝΙΣΜΑ', 'ΠΑΡΩΝ', 86, '', '2019-11-09 00:00:00', NULL),
(262, 16, 20, 5, 5, 24, '2019-10-24', 'TEST', 'ΠΑΡΩΝ', 88, '', '2019-11-09 00:00:00', NULL),
(263, 1, 20, 25, 5, 24, '2019-11-15', 'TEST', 'ΠΑΡΩΝ', 66, '', '2019-11-19 00:00:00', NULL),
(264, 1, 20, 25, 5, 24, '2019-11-29', 'TEST', 'ΠΑΡΩΝ', 44, '', '2019-12-03 00:00:00', NULL),
(265, 1, 20, 25, 5, 24, '2019-12-01', 'ΔΙΑΓΩΝΙΣΜΑ', 'ΠΑΡΩΝ', 31, '', '2019-12-03 00:00:00', NULL),
(266, 1, 20, 25, 5, 24, '2019-12-03', 'ΕΡΓΑΣΙΑ', 'ΠΑΡΩΝ', 14, '', '2019-12-04 00:00:00', NULL),
(267, 1, 20, 25, 5, 24, '2019-12-13', 'TEST', 'ΠΑΡΩΝ', 37, '', '2019-12-14 00:00:00', NULL),
(268, 1, 20, 25, 5, 24, '2020-01-03', 'ΔΙΑΓΩΝΙΣΜΑ', 'ΑΠΩΝ', 0, '', '2020-01-15 00:00:00', NULL),
(269, 1, 20, 25, 5, 24, '2020-01-10', 'TEST', 'ΠΑΡΩΝ', 20, '', '2020-01-15 00:00:00', NULL),
(270, 1, 20, 25, 5, 24, '2020-01-24', 'TEST', 'ΠΑΡΩΝ', 60, '', '2020-01-28 00:00:00', NULL),
(271, 17, 20, 6, 5, 24, '2020-01-17', 'TEST', 'ΠΑΡΩΝ', 40, '', '2020-01-28 00:00:00', NULL),
(272, 20, 20, 3, 5, 24, '2020-01-07', 'ΔΙΑΓΩΝΙΣΜΑ', 'ΠΑΡΩΝ', 30, '', '2020-01-30 00:00:00', NULL),
(273, 17, 20, 6, 5, 24, '2020-01-19', 'ΔΙΑΓΩΝΙΣΜΑ', 'ΠΑΡΩΝ', 50, '', '2020-01-31 00:00:00', NULL),
(274, 14, 20, 1, 5, 24, '2020-01-12', 'ΔΙΑΓΩΝΙΣΜΑ', 'ΠΑΡΩΝ', 50, '', '2020-02-04 00:00:00', NULL),
(275, 16, 20, 5, 5, 24, '2020-01-19', 'ΔΙΑΓΩΝΙΣΜΑ', 'ΠΑΡΩΝ', 81, '', '2020-02-07 00:00:00', NULL),
(276, 16, 20, 5, 5, 24, '2020-01-31', 'ΔΙΑΓΩΝΙΣΜΑ', 'ΠΑΡΩΝ', 90, '', '2020-02-07 00:00:00', NULL),
(277, 17, 20, 6, 5, 24, '2020-01-31', 'ΕΡΓΑΣΙΑ', 'ΠΑΡΩΝ', 50, '', '2020-02-07 00:00:00', NULL),
(278, 1, 20, 25, 5, 24, '2020-02-07', 'TEST', 'ΠΑΡΩΝ', 68, '', '2020-02-08 00:00:00', NULL),
(279, 1, 20, 25, 5, 24, '2020-02-21', 'TEST', 'ΠΑΡΩΝ', 20, '', '2020-02-27 00:00:00', NULL),
(280, 1, 21, 25, 5, 15, '2019-10-03', 'TEST', 'ΠΑΡΩΝ', 75, '', '2019-10-08 00:00:00', NULL),
(281, 1, 21, 25, 5, 13, '2019-10-18', 'TEST', 'ΑΠΩΝ', 0, '', '2019-10-19 00:00:00', NULL),
(282, 1, 21, 25, 5, 13, '2019-10-20', 'ΔΙΑΓΩΝΙΣΜΑ', 'ΠΑΡΩΝ', 44, '', '2019-10-22 00:00:00', NULL),
(283, 20, 21, 3, 5, 13, '2019-10-13', 'ΔΙΑΓΩΝΙΣΜΑ', 'ΠΑΡΩΝ', 91, '', '2019-10-30 00:00:00', NULL),
(284, 1, 21, 25, 5, 13, '2019-10-31', 'TEST', 'ΠΑΡΩΝ', 72, '', '2019-11-05 00:00:00', NULL),
(285, 14, 21, 1, 5, 13, '2019-10-06', 'ΔΙΑΓΩΝΙΣΜΑ', 'ΠΑΡΩΝ', 78, '', '2019-11-05 00:00:00', NULL),
(286, 13, 21, 4, 5, 13, '2019-11-03', 'ΔΙΑΓΩΝΙΣΜΑ', 'ΠΑΡΩΝ', 75, '', '2019-11-07 00:00:00', NULL),
(287, 13, 21, 4, 5, 13, '2019-10-25', 'TEST', 'ΠΑΡΩΝ', 100, '', '2019-11-07 00:00:00', NULL),
(288, 1, 21, 25, 5, 13, '2019-11-15', 'TEST', 'ΑΠΩΝ', 0, '', '2019-11-19 00:00:00', NULL),
(289, 13, 21, 4, 5, 13, '2019-11-22', 'TEST', 'ΠΑΡΩΝ', 92, '', '2019-12-02 00:00:00', NULL),
(290, 1, 21, 25, 5, 13, '2019-11-29', 'TEST', 'ΠΑΡΩΝ', 87, '', '2019-12-03 00:00:00', NULL),
(291, 1, 21, 25, 5, 13, '2019-12-01', 'ΔΙΑΓΩΝΙΣΜΑ', 'ΑΠΩΝ', 0, '', '2019-12-03 00:00:00', NULL),
(292, 1, 21, 25, 5, 13, '2019-12-03', 'ΕΡΓΑΣΙΑ', 'ΠΑΡΩΝ', 78, '', '2019-12-05 00:00:00', NULL),
(293, 20, 21, 3, 5, 13, '2019-11-08', 'TEST', 'ΠΑΡΩΝ', 100, '', '2019-12-11 00:00:00', NULL),
(294, 1, 21, 25, 5, 13, '2019-12-13', 'TEST', 'ΠΑΡΩΝ', 100, '', '2019-12-14 00:00:00', NULL),
(295, 1, 21, 25, 5, 13, '2020-01-03', 'ΔΙΑΓΩΝΙΣΜΑ', 'ΠΑΡΩΝ', 61, '', '2020-01-15 00:00:00', NULL),
(296, 1, 21, 25, 5, 13, '2020-01-10', 'TEST', 'ΑΠΩΝ', 0, '', '2020-01-15 00:00:00', NULL),
(297, 1, 21, 25, 5, 13, '2020-01-24', 'TEST', 'ΠΑΡΩΝ', 80, '', '2020-01-28 00:00:00', NULL),
(298, 20, 21, 3, 5, 13, '2020-01-07', 'ΔΙΑΓΩΝΙΣΜΑ', 'ΠΑΡΩΝ', 67, '', '2020-01-30 00:00:00', NULL),
(299, 13, 21, 4, 5, 13, '2019-12-20', 'TEST', 'ΠΑΡΩΝ', 90, '', '2020-02-03 00:00:00', NULL),
(300, 13, 21, 4, 5, 13, '2020-01-19', 'ΔΙΑΓΩΝΙΣΜΑ', 'ΠΑΡΩΝ', 78, '', '2020-02-03 00:00:00', NULL),
(301, 13, 21, 4, 5, 13, '2020-01-31', 'TEST', 'ΠΑΡΩΝ', 84, '', '2020-02-03 00:00:00', NULL),
(302, 14, 21, 1, 5, 13, '2020-01-12', 'ΔΙΑΓΩΝΙΣΜΑ', 'ΠΑΡΩΝ', 58, '', '2020-02-04 00:00:00', NULL),
(303, 1, 21, 25, 5, 13, '2020-02-07', 'TEST', 'ΑΠΩΝ', 0, '', '2020-02-08 00:00:00', NULL),
(304, 1, 21, 25, 5, 13, '2020-02-21', 'TEST', 'ΑΠΩΝ', 0, '', '2020-02-27 00:00:00', NULL),
(305, 13, 21, 4, 5, 13, '2020-03-22', 'ΔΙΑΓΩΝΙΣΜΑ', 'ΠΑΡΩΝ', 86, '', '2020-04-05 00:00:00', NULL),
(306, 13, 21, 4, 5, 13, '2020-02-28', 'TEST', 'ΠΑΡΩΝ', 60, '', '2020-04-05 00:00:00', NULL),
(307, 15, 22, 1, 9, 6, '2019-10-06', 'ΔΙΑΓΩΝΙΣΜΑ', 'ΠΑΡΩΝ', 50, '', '2019-11-07 00:00:00', NULL),
(308, 18, 22, 21, 9, 6, '2019-11-03', 'ΔΙΑΓΩΝΙΣΜΑ', 'ΠΑΡΩΝ', 27, '', '2019-11-08 00:00:00', NULL),
(309, 18, 22, 21, 9, 6, '2019-10-20', 'ΔΙΑΓΩΝΙΣΜΑ', 'ΠΑΡΩΝ', 41, '', '2019-11-08 00:00:00', NULL),
(310, 15, 22, 1, 9, 6, '2020-01-07', 'ΔΙΑΓΩΝΙΣΜΑ', 'ΠΑΡΩΝ', 65, '', '2020-02-05 00:00:00', NULL),
(311, 15, 22, 1, 9, 6, '2020-02-02', 'ΔΙΑΓΩΝΙΣΜΑ', 'ΠΑΡΩΝ', 75, '', '2020-02-05 00:00:00', NULL),
(312, 18, 22, 22, 9, 6, '2020-01-19', 'ΔΙΑΓΩΝΙΣΜΑ', 'ΠΑΡΩΝ', 40, '', '2020-02-06 00:00:00', NULL),
(313, 18, 22, 22, 9, 6, '2020-01-27', 'TEST', 'ΠΑΡΩΝ', 50, '', '2020-02-06 00:00:00', NULL),
(314, 18, 22, 21, 9, 6, '2020-02-23', 'ΔΙΑΓΩΝΙΣΜΑ', 'ΠΑΡΩΝ', 28, '', '2020-03-11 00:00:00', NULL),
(315, 13, 23, 4, 4, 11, '2020-01-19', 'ΔΙΑΓΩΝΙΣΜΑ', 'ΑΠΩΝ', 0, '', '2020-02-03 00:00:00', NULL),
(316, 13, 23, 4, 4, 11, '2020-03-08', 'ΔΙΑΓΩΝΙΣΜΑ', 'ΑΠΩΝ', 0, '', '2020-04-05 00:00:00', NULL),
(317, 13, 23, 4, 4, 11, '2020-03-29', 'ΔΙΑΓΩΝΙΣΜΑ', 'ΑΠΩΝ', 0, '', '2020-04-07 00:00:00', NULL),
(318, 14, 25, 1, 5, 15, '2019-10-06', 'ΔΙΑΓΩΝΙΣΜΑ', 'ΠΑΡΩΝ', 75, '', '2019-11-05 00:00:00', NULL),
(319, 14, 25, 1, 5, 15, '2020-01-12', 'ΔΙΑΓΩΝΙΣΜΑ', 'ΠΑΡΩΝ', 69, '', '2020-02-04 00:00:00', NULL),
(320, 1, 26, 25, 5, 24, '2019-10-03', 'TEST', 'ΠΑΡΩΝ', 45, '', '2019-10-08 00:00:00', NULL),
(321, 1, 26, 25, 5, 24, '2019-10-18', 'TEST', 'ΠΑΡΩΝ', 50, '', '2019-10-19 00:00:00', NULL),
(322, 1, 26, 25, 5, 24, '2019-10-20', 'ΔΙΑΓΩΝΙΣΜΑ', 'ΠΑΡΩΝ', 39, '', '2019-10-22 00:00:00', NULL),
(323, 20, 26, 3, 5, 24, '2019-10-13', 'ΔΙΑΓΩΝΙΣΜΑ', 'ΠΑΡΩΝ', 76, '', '2019-10-30 00:00:00', NULL),
(324, 1, 26, 25, 5, 24, '2019-10-31', 'TEST', 'ΠΑΡΩΝ', 75, '', '2019-11-05 00:00:00', NULL),
(325, 14, 26, 1, 5, 24, '2019-10-06', 'ΔΙΑΓΩΝΙΣΜΑ', 'ΠΑΡΩΝ', 54, '', '2019-11-05 00:00:00', NULL),
(326, 17, 26, 6, 5, 24, '2019-10-10', 'TEST', 'ΠΑΡΩΝ', 60, '', '2019-11-05 00:00:00', NULL),
(327, 17, 26, 6, 5, 24, '2019-11-02', 'ΔΙΑΓΩΝΙΣΜΑ', 'ΠΑΡΩΝ', 56, '', '2019-11-08 00:00:00', NULL),
(328, 16, 26, 5, 5, 24, '2019-11-03', 'ΔΙΑΓΩΝΙΣΜΑ', 'ΠΑΡΩΝ', 78, '', '2019-11-09 00:00:00', NULL),
(329, 16, 26, 5, 5, 24, '2019-10-24', 'ΔΙΑΓΩΝΙΣΜΑ', 'ΠΑΡΩΝ', 83, '', '2019-11-09 00:00:00', NULL),
(330, 1, 26, 25, 5, 24, '2019-11-15', 'TEST', 'ΠΑΡΩΝ', 85, '', '2019-11-19 00:00:00', NULL),
(331, 1, 26, 25, 5, 24, '2019-11-29', 'TEST', 'ΠΑΡΩΝ', 26, '', '2019-12-03 00:00:00', NULL),
(332, 1, 26, 25, 5, 24, '2019-12-01', 'ΔΙΑΓΩΝΙΣΜΑ', 'ΠΑΡΩΝ', 21, '', '2019-12-03 00:00:00', NULL),
(333, 1, 26, 25, 5, 24, '2019-12-03', 'ΕΡΓΑΣΙΑ', 'ΠΑΡΩΝ', 23, '', '2019-12-04 00:00:00', NULL),
(334, 1, 26, 25, 5, 24, '2019-12-13', 'TEST', 'ΠΑΡΩΝ', 56, '', '2019-12-14 00:00:00', NULL),
(335, 1, 26, 25, 5, 24, '2020-01-03', 'ΔΙΑΓΩΝΙΣΜΑ', 'ΠΑΡΩΝ', 41, '', '2020-01-15 00:00:00', NULL),
(336, 1, 26, 25, 5, 24, '2020-01-10', 'TEST', 'ΑΠΩΝ', 0, '', '2020-01-15 00:00:00', NULL),
(337, 1, 26, 25, 5, 24, '2020-01-24', 'TEST', 'ΠΑΡΩΝ', 80, '', '2020-01-28 00:00:00', NULL),
(338, 20, 26, 3, 5, 24, '2020-01-07', 'ΔΙΑΓΩΝΙΣΜΑ', 'ΠΑΡΩΝ', 30, '', '2020-01-30 00:00:00', NULL),
(339, 17, 26, 6, 5, 24, '2020-01-19', 'ΔΙΑΓΩΝΙΣΜΑ', 'ΠΑΡΩΝ', 64, '', '2020-01-31 00:00:00', NULL),
(340, 14, 26, 1, 5, 24, '2020-01-12', 'ΔΙΑΓΩΝΙΣΜΑ', 'ΠΑΡΩΝ', 63, '', '2020-02-04 00:00:00', NULL),
(341, 16, 26, 5, 5, 24, '2020-01-19', 'ΔΙΑΓΩΝΙΣΜΑ', 'ΠΑΡΩΝ', 75, '', '2020-02-07 00:00:00', NULL),
(342, 16, 26, 5, 5, 24, '2020-01-31', 'TEST', 'ΠΑΡΩΝ', 80, '', '2020-02-07 00:00:00', NULL),
(343, 17, 26, 6, 5, 24, '2020-01-31', 'ΕΡΓΑΣΙΑ', 'ΠΑΡΩΝ', 90, '', '2020-02-07 00:00:00', NULL),
(344, 1, 26, 25, 5, 24, '2020-02-07', 'TEST', 'ΠΑΡΩΝ', 57, '', '2020-02-08 00:00:00', NULL),
(345, 1, 26, 25, 5, 24, '2020-02-21', 'TEST', 'ΠΑΡΩΝ', 78, '', '2020-02-27 00:00:00', NULL),
(346, 14, 27, 1, 5, 16, '2019-10-06', 'ΔΙΑΓΩΝΙΣΜΑ', 'ΠΑΡΩΝ', 67, '', '2019-11-05 00:00:00', NULL),
(347, 15, 27, 7, 5, 16, '2019-10-20', 'ΔΙΑΓΩΝΙΣΜΑ', 'ΠΑΡΩΝ', 88, '', '2019-11-07 00:00:00', NULL),
(348, 14, 27, 1, 5, 16, '2020-01-07', 'ΔΙΑΓΩΝΙΣΜΑ', 'ΠΑΡΩΝ', 68, '', '2020-02-04 00:00:00', NULL),
(349, 15, 27, 7, 5, 16, '2019-12-01', 'ΔΙΑΓΩΝΙΣΜΑ', 'ΠΑΡΩΝ', 87, '', '2020-02-05 00:00:00', NULL),
(350, 15, 27, 7, 5, 16, '2020-01-03', 'ΔΙΑΓΩΝΙΣΜΑ', 'ΠΑΡΩΝ', 88, '', '2020-02-05 00:00:00', NULL),
(351, 15, 27, 16, 5, 16, '2020-01-19', 'ΔΙΑΓΩΝΙΣΜΑ', 'ΠΑΡΩΝ', 90, '', '2020-02-05 00:00:00', NULL),
(352, 15, 27, 11, 5, 16, '2020-01-19', 'ΔΙΑΓΩΝΙΣΜΑ', 'ΠΑΡΩΝ', 90, '', '2020-02-05 00:00:00', NULL),
(353, 13, 28, 4, 4, 11, '2020-01-19', 'ΔΙΑΓΩΝΙΣΜΑ', 'ΠΑΡΩΝ', 76, '', '2020-02-03 00:00:00', NULL),
(354, 13, 28, 4, 4, 11, '2020-03-08', 'ΔΙΑΓΩΝΙΣΜΑ', 'ΠΑΡΩΝ', 76, '', '2020-04-05 00:00:00', NULL),
(355, 13, 28, 4, 4, 11, '2020-03-29', 'ΔΙΑΓΩΝΙΣΜΑ', 'ΠΑΡΩΝ', 93, '', '2020-04-07 00:00:00', NULL),
(356, 1, 29, 25, 5, 15, '2019-10-03', 'TEST', 'ΠΑΡΩΝ', 75, '', '2019-10-08 00:00:00', NULL),
(357, 1, 29, 25, 5, 15, '2019-10-18', 'TEST', 'ΠΑΡΩΝ', 30, '', '2019-10-19 00:00:00', NULL),
(358, 1, 29, 25, 5, 15, '2019-10-20', 'ΔΙΑΓΩΝΙΣΜΑ', 'ΑΠΩΝ', 0, '', '2019-10-22 00:00:00', NULL),
(359, 20, 29, 3, 5, 15, '2019-10-13', 'ΔΙΑΓΩΝΙΣΜΑ', 'ΠΑΡΩΝ', 59, '', '2019-10-30 00:00:00', NULL),
(360, 1, 29, 25, 5, 15, '2019-10-31', 'TEST', 'ΠΑΡΩΝ', 30, '', '2019-11-05 00:00:00', NULL),
(361, 14, 29, 1, 5, 15, '2019-10-06', 'ΔΙΑΓΩΝΙΣΜΑ', 'ΠΑΡΩΝ', 80, '', '2019-11-05 00:00:00', NULL),
(362, 13, 29, 4, 5, 15, '2019-11-03', 'ΔΙΑΓΩΝΙΣΜΑ', 'ΠΑΡΩΝ', 64, '', '2019-11-07 00:00:00', NULL),
(363, 13, 29, 4, 5, 15, '2019-10-25', 'TEST', 'ΠΑΡΩΝ', 100, '', '2019-11-07 00:00:00', NULL),
(364, 1, 29, 25, 5, 15, '2019-11-15', 'TEST', 'ΑΠΩΝ', 0, '', '2019-11-19 00:00:00', NULL),
(365, 13, 29, 4, 5, 15, '2019-11-22', 'TEST', 'ΠΑΡΩΝ', 88, '', '2019-12-02 00:00:00', NULL),
(366, 1, 29, 25, 5, 15, '2019-11-29', 'TEST', 'ΠΑΡΩΝ', 70, '', '2019-12-03 00:00:00', NULL),
(367, 1, 29, 25, 5, 15, '2019-12-01', 'ΔΙΑΓΩΝΙΣΜΑ', 'ΠΑΡΩΝ', 67, '', '2019-12-03 00:00:00', NULL),
(368, 1, 29, 25, 5, 15, '2019-12-03', 'ΕΡΓΑΣΙΑ', 'ΠΑΡΩΝ', 60, '', '2019-12-05 00:00:00', NULL),
(369, 20, 29, 3, 5, 15, '2019-11-08', 'TEST', 'ΑΠΩΝ', 0, '', '2019-12-11 00:00:00', NULL),
(370, 20, 29, 3, 5, 15, '2019-12-08', 'ΔΙΑΓΩΝΙΣΜΑ', 'ΠΑΡΩΝ', 73, '', '2019-12-12 00:00:00', NULL),
(371, 1, 29, 25, 5, 15, '2019-12-13', 'TEST', 'ΠΑΡΩΝ', 62, '', '2019-12-14 00:00:00', NULL),
(372, 1, 29, 25, 5, 15, '2020-01-03', 'ΔΙΑΓΩΝΙΣΜΑ', 'ΑΠΩΝ', 0, '', '2020-01-15 00:00:00', NULL),
(373, 1, 29, 25, 5, 15, '2020-01-10', 'TEST', 'ΠΑΡΩΝ', 95, '', '2020-01-15 00:00:00', NULL),
(374, 1, 29, 25, 5, 15, '2020-01-24', 'TEST', 'ΑΠΩΝ', 0, '', '2020-01-28 00:00:00', NULL),
(375, 20, 29, 3, 5, 15, '2020-01-07', 'ΔΙΑΓΩΝΙΣΜΑ', 'ΠΑΡΩΝ', 56, '', '2020-01-30 00:00:00', NULL),
(376, 13, 29, 4, 5, 15, '2019-12-20', 'TEST', 'ΠΑΡΩΝ', 91, '', '2020-02-03 00:00:00', NULL),
(377, 13, 29, 4, 5, 15, '2020-01-19', 'ΔΙΑΓΩΝΙΣΜΑ', 'ΑΠΩΝ', 0, '', '2020-02-03 00:00:00', NULL),
(378, 13, 29, 4, 5, 15, '2020-01-31', 'TEST', 'ΑΠΩΝ', 0, '', '2020-02-03 00:00:00', NULL),
(379, 14, 29, 1, 5, 15, '2020-01-12', 'ΔΙΑΓΩΝΙΣΜΑ', 'ΠΑΡΩΝ', 67, '', '2020-02-04 00:00:00', NULL),
(380, 1, 29, 25, 5, 15, '2020-02-07', 'TEST', 'ΠΑΡΩΝ', 96, '', '2020-02-08 00:00:00', NULL),
(381, 1, 29, 25, 5, 15, '2020-02-21', 'TEST', 'ΑΠΩΝ', 0, '', '2020-02-27 00:00:00', NULL),
(382, 13, 29, 4, 5, 15, '2020-03-22', 'ΔΙΑΓΩΝΙΣΜΑ', 'ΠΑΡΩΝ', 89, '', '2020-04-05 00:00:00', NULL),
(383, 13, 29, 4, 5, 15, '2020-02-28', 'TEST', 'ΑΠΩΝ', 0, '', '2020-04-05 00:00:00', NULL),
(384, 1, 30, 25, 5, 24, '2019-10-03', 'TEST', 'ΠΑΡΩΝ', 63, '', '2019-10-08 00:00:00', NULL),
(385, 1, 30, 25, 5, 24, '2019-10-18', 'TEST', 'ΠΑΡΩΝ', 60, '', '2019-10-19 00:00:00', NULL),
(386, 1, 30, 25, 5, 24, '2019-10-20', 'ΔΙΑΓΩΝΙΣΜΑ', 'ΠΑΡΩΝ', 58, '', '2019-10-22 00:00:00', NULL),
(387, 1, 30, 25, 5, 24, '2019-10-31', 'TEST', 'ΠΑΡΩΝ', 75, '', '2019-11-05 00:00:00', NULL),
(388, 14, 30, 1, 5, 24, '2019-10-06', 'ΔΙΑΓΩΝΙΣΜΑ', 'ΠΑΡΩΝ', 56, '', '2019-11-05 00:00:00', NULL),
(389, 17, 30, 6, 5, 24, '2019-10-10', 'TEST', 'ΠΑΡΩΝ', 0, '', '2019-11-05 00:00:00', NULL),
(390, 17, 30, 6, 5, 24, '2019-10-10', 'TEST', 'ΠΑΡΩΝ', 55, '', '2019-11-05 00:00:00', NULL),
(391, 20, 30, 3, 5, 24, '2019-10-13', 'ΔΙΑΓΩΝΙΣΜΑ', 'ΠΑΡΩΝ', 34, '', '2019-11-06 00:00:00', NULL),
(392, 17, 30, 6, 5, 24, '2019-11-02', 'ΔΙΑΓΩΝΙΣΜΑ', 'ΠΑΡΩΝ', 80, '', '2019-11-08 00:00:00', NULL),
(393, 16, 30, 5, 5, 24, '2019-11-03', 'ΔΙΑΓΩΝΙΣΜΑ', 'ΠΑΡΩΝ', 77, '', '2019-11-09 00:00:00', NULL),
(394, 16, 30, 5, 5, 24, '2019-10-24', 'TEST', 'ΠΑΡΩΝ', 74, '', '2019-11-09 00:00:00', NULL),
(395, 1, 30, 25, 5, 24, '2019-11-15', 'TEST', 'ΠΑΡΩΝ', 100, '', '2019-11-19 00:00:00', NULL),
(396, 1, 30, 25, 5, 24, '2019-11-29', 'TEST', 'ΠΑΡΩΝ', 63, '', '2019-12-03 00:00:00', NULL),
(397, 1, 30, 25, 5, 24, '2019-12-01', 'ΔΙΑΓΩΝΙΣΜΑ', 'ΠΑΡΩΝ', 71, '', '2019-12-03 00:00:00', NULL),
(398, 1, 30, 25, 5, 24, '2019-12-03', 'ΕΡΓΑΣΙΑ', 'ΠΑΡΩΝ', 38, '', '2019-12-04 00:00:00', NULL),
(399, 1, 30, 25, 5, 24, '2019-12-13', 'TEST', 'ΠΑΡΩΝ', 69, '', '2019-12-14 00:00:00', NULL),
(400, 1, 30, 25, 5, 24, '2020-01-03', 'ΔΙΑΓΩΝΙΣΜΑ', 'ΠΑΡΩΝ', 59, '', '2020-01-15 00:00:00', NULL),
(401, 1, 30, 25, 5, 24, '2020-01-10', 'TEST', 'ΠΑΡΩΝ', 60, '', '2020-01-15 00:00:00', NULL),
(402, 1, 30, 25, 5, 24, '2020-01-24', 'TEST', 'ΠΑΡΩΝ', 100, '', '2020-01-28 00:00:00', NULL),
(403, 17, 30, 6, 5, 24, '2020-01-17', 'TEST', 'ΠΑΡΩΝ', 90, '', '2020-01-28 00:00:00', NULL),
(404, 14, 30, 1, 5, 24, '2020-01-12', 'ΔΙΑΓΩΝΙΣΜΑ', 'ΠΑΡΩΝ', 59, '', '2020-02-04 00:00:00', NULL),
(405, 16, 30, 5, 5, 24, '2020-01-19', 'ΔΙΑΓΩΝΙΣΜΑ', 'ΠΑΡΩΝ', 77, '', '2020-02-07 00:00:00', NULL),
(406, 16, 30, 5, 5, 24, '2020-01-31', 'TEST', 'ΠΑΡΩΝ', 80, '', '2020-02-07 00:00:00', NULL),
(407, 17, 30, 6, 5, 24, '2020-01-07', 'ΔΙΑΓΩΝΙΣΜΑ', 'ΠΑΡΩΝ', 80, '', '2020-02-07 00:00:00', NULL),
(408, 1, 30, 25, 5, 24, '2020-02-07', 'TEST', 'ΠΑΡΩΝ', 84, '', '2020-02-08 00:00:00', NULL),
(409, 1, 30, 25, 5, 24, '2020-02-21', 'TEST', 'ΠΑΡΩΝ', 85, '', '2020-02-27 00:00:00', NULL),
(410, 1, 31, 25, 5, 24, '2019-10-03', 'TEST', 'ΠΑΡΩΝ', 38, '', '2019-10-08 00:00:00', NULL),
(411, 1, 31, 25, 5, 24, '2019-10-18', 'TEST', 'ΠΑΡΩΝ', 45, '', '2019-10-19 00:00:00', NULL),
(412, 1, 31, 25, 5, 24, '2019-10-20', 'ΔΙΑΓΩΝΙΣΜΑ', 'ΠΑΡΩΝ', 18, '', '2019-10-22 00:00:00', NULL),
(413, 1, 31, 25, 5, 24, '2019-10-31', 'TEST', 'ΠΑΡΩΝ', 55, '', '2019-11-05 00:00:00', NULL),
(414, 14, 31, 1, 5, 24, '2019-10-06', 'ΔΙΑΓΩΝΙΣΜΑ', 'ΠΑΡΩΝ', 29, '', '2019-11-05 00:00:00', NULL),
(415, 17, 31, 6, 5, 24, '2019-10-10', 'TEST', 'ΠΑΡΩΝ', 50, '', '2019-11-05 00:00:00', NULL),
(416, 20, 31, 3, 5, 24, '2019-10-13', 'ΔΙΑΓΩΝΙΣΜΑ', 'ΠΑΡΩΝ', 39, '', '2019-11-06 00:00:00', NULL),
(417, 17, 31, 6, 5, 24, '2019-11-02', 'ΔΙΑΓΩΝΙΣΜΑ', 'ΠΑΡΩΝ', 33, '', '2019-11-08 00:00:00', NULL),
(418, 16, 31, 5, 5, 24, '2019-11-03', 'ΔΙΑΓΩΝΙΣΜΑ', 'ΑΠΩΝ', 0, '', '2019-11-09 00:00:00', NULL),
(419, 16, 31, 5, 5, 24, '2019-10-24', 'ΔΙΑΓΩΝΙΣΜΑ', 'ΑΠΩΝ', 0, '', '2019-11-09 00:00:00', NULL),
(420, 1, 31, 25, 5, 24, '2019-11-15', 'TEST', 'ΠΑΡΩΝ', 77, '', '2019-11-19 00:00:00', NULL),
(421, 1, 31, 25, 5, 24, '2019-11-29', 'TEST', 'ΠΑΡΩΝ', 33, '', '2019-12-03 00:00:00', NULL),
(422, 1, 31, 25, 5, 24, '2019-12-01', 'ΔΙΑΓΩΝΙΣΜΑ', 'ΠΑΡΩΝ', 7, '', '2019-12-03 00:00:00', NULL),
(423, 1, 31, 25, 5, 24, '2019-12-03', 'ΕΡΓΑΣΙΑ', 'ΠΑΡΩΝ', 20, '', '2019-12-04 00:00:00', NULL),
(424, 1, 31, 25, 5, 24, '2019-12-13', 'TEST', 'ΠΑΡΩΝ', 44, '', '2019-12-14 00:00:00', NULL),
(425, 1, 31, 25, 5, 24, '2020-01-03', 'ΔΙΑΓΩΝΙΣΜΑ', 'ΑΠΩΝ', 0, '', '2020-01-15 00:00:00', NULL),
(426, 1, 31, 25, 5, 24, '2020-01-10', 'TEST', 'ΑΠΩΝ', 0, '', '2020-01-15 00:00:00', NULL),
(427, 1, 31, 25, 5, 24, '2020-01-24', 'TEST', 'ΑΠΩΝ', 0, '', '2020-01-28 00:00:00', NULL),
(428, 17, 31, 6, 5, 24, '2020-01-19', 'ΔΙΑΓΩΝΙΣΜΑ', 'ΠΑΡΩΝ', 15, '', '2020-01-31 00:00:00', NULL),
(429, 14, 31, 1, 5, 24, '2020-01-12', 'ΔΙΑΓΩΝΙΣΜΑ', 'ΑΠΩΝ', 0, '', '2020-02-04 00:00:00', NULL),
(430, 16, 31, 5, 5, 24, '2020-01-19', 'ΔΙΑΓΩΝΙΣΜΑ', 'ΠΑΡΩΝ', 54, '', '2020-02-07 00:00:00', NULL),
(431, 16, 31, 5, 5, 24, '2020-01-19', 'TEST', 'ΠΑΡΩΝ', 57, '', '2020-02-07 00:00:00', NULL),
(432, 1, 31, 25, 5, 24, '2020-02-07', 'TEST', 'ΑΠΩΝ', 0, '', '2020-02-08 00:00:00', NULL),
(433, 1, 31, 25, 5, 24, '2020-02-21', 'TEST', 'ΑΠΩΝ', 0, '', '2020-02-27 00:00:00', NULL),
(434, 1, 31, 25, 5, 24, '2020-02-21', 'TEST', 'ΑΠΩΝ', 0, '', '2020-02-27 00:00:00', NULL),
(435, 14, 32, 1, 5, 16, '2019-10-06', 'ΔΙΑΓΩΝΙΣΜΑ', 'ΠΑΡΩΝ', 75, '', '2019-11-05 00:00:00', NULL),
(436, 15, 32, 7, 5, 16, '2019-11-20', 'ΔΙΑΓΩΝΙΣΜΑ', 'ΠΑΡΩΝ', 75, '', '2019-11-07 00:00:00', NULL),
(437, 14, 32, 1, 5, 16, '2020-01-07', 'ΔΙΑΓΩΝΙΣΜΑ', 'ΠΑΡΩΝ', 64, '', '2020-02-04 00:00:00', NULL),
(438, 15, 32, 7, 5, 16, '2019-12-01', 'ΔΙΑΓΩΝΙΣΜΑ', 'ΠΑΡΩΝ', 70, '', '2020-02-05 00:00:00', NULL),
(439, 15, 32, 7, 5, 16, '2020-01-03', 'ΔΙΑΓΩΝΙΣΜΑ', 'ΠΑΡΩΝ', 65, '', '2020-02-05 00:00:00', NULL),
(440, 15, 32, 16, 5, 16, '2020-01-19', 'ΔΙΑΓΩΝΙΣΜΑ', 'ΑΠΩΝ', 0, '', '2020-02-05 00:00:00', NULL),
(441, 15, 32, 11, 5, 16, '2020-01-19', 'ΔΙΑΓΩΝΙΣΜΑ', 'ΑΠΩΝ', 0, '', '2020-02-05 00:00:00', NULL),
(442, 17, 33, 6, 10, 27, '2019-10-18', 'TEST', 'ΠΑΡΩΝ', 50, '', '2019-10-23 00:00:00', NULL),
(443, 14, 33, 1, 10, 27, '2019-10-20', 'ΔΙΑΓΩΝΙΣΜΑ', 'ΑΠΩΝ', 0, '', '2019-11-05 00:00:00', NULL),
(444, 16, 33, 5, 10, 27, '2019-11-03', 'ΔΙΑΓΩΝΙΣΜΑ', 'ΑΠΩΝ', 0, '', '2019-11-09 00:00:00', NULL),
(445, 14, 34, 1, 5, 16, '2019-10-06', 'ΔΙΑΓΩΝΙΣΜΑ', 'ΠΑΡΩΝ', 64, '', '2019-11-05 00:00:00', NULL),
(446, 15, 34, 7, 5, 16, '2019-10-20', 'ΔΙΑΓΩΝΙΣΜΑ', 'ΠΑΡΩΝ', 87, '', '2019-11-07 00:00:00', NULL),
(447, 14, 34, 1, 5, 16, '2020-01-07', 'ΔΙΑΓΩΝΙΣΜΑ', 'ΠΑΡΩΝ', 68, '', '2020-02-04 00:00:00', NULL),
(448, 15, 34, 7, 5, 16, '2019-12-01', 'ΔΙΑΓΩΝΙΣΜΑ', 'ΠΑΡΩΝ', 84, '', '2020-02-05 00:00:00', NULL),
(449, 15, 34, 7, 5, 16, '2020-01-03', 'ΔΙΑΓΩΝΙΣΜΑ', 'ΠΑΡΩΝ', 90, '', '2020-02-05 00:00:00', NULL),
(450, 15, 34, 16, 5, 16, '2020-01-19', 'ΔΙΑΓΩΝΙΣΜΑ', 'ΠΑΡΩΝ', 100, '', '2020-02-05 00:00:00', NULL),
(451, 15, 34, 11, 5, 16, '2020-01-19', 'ΔΙΑΓΩΝΙΣΜΑ', 'ΠΑΡΩΝ', 90, '', '2020-02-05 00:00:00', NULL),
(452, 13, 35, 4, 4, 11, '2020-01-19', 'ΔΙΑΓΩΝΙΣΜΑ', 'ΠΑΡΩΝ', 98, '', '2020-02-03 00:00:00', NULL),
(453, 13, 35, 4, 4, 11, '2020-03-08', 'ΔΙΑΓΩΝΙΣΜΑ', 'ΠΑΡΩΝ', 74, '', '2020-04-05 00:00:00', NULL),
(454, 13, 35, 4, 4, 11, '2020-03-29', 'ΔΙΑΓΩΝΙΣΜΑ', 'ΠΑΡΩΝ', 88, '', '2020-04-07 00:00:00', NULL),
(455, 20, 38, 18, 9, 6, '2019-11-03', 'ΔΙΑΓΩΝΙΣΜΑ', 'ΠΑΡΩΝ', 20, '', '2019-11-06 00:00:00', NULL),
(456, 15, 38, 17, 9, 6, '2019-10-20', 'ΔΙΑΓΩΝΙΣΜΑ', 'ΠΑΡΩΝ', 70, '', '2019-11-07 00:00:00', NULL),
(457, 15, 38, 1, 9, 6, '2019-10-06', 'ΔΙΑΓΩΝΙΣΜΑ', 'ΠΑΡΩΝ', 60, '', '2019-11-07 00:00:00', NULL),
(458, 20, 38, 18, 9, 6, '2020-01-19', 'ΔΙΑΓΩΝΙΣΜΑ', 'ΠΑΡΩΝ', 35, '', '2020-02-05 00:00:00', NULL),
(459, 15, 38, 1, 9, 6, '2020-01-07', 'ΔΙΑΓΩΝΙΣΜΑ', 'ΠΑΡΩΝ', 58, '', '2020-02-05 00:00:00', NULL),
(460, 15, 38, 1, 9, 6, '2020-02-02', 'ΔΙΑΓΩΝΙΣΜΑ', 'ΠΑΡΩΝ', 55, '', '2020-02-05 00:00:00', NULL),
(461, 15, 38, 17, 9, 6, '2020-01-12', 'ΔΙΑΓΩΝΙΣΜΑ', 'ΠΑΡΩΝ', 70, '', '2020-02-05 00:00:00', NULL),
(462, 15, 39, 1, 9, 6, '2019-10-06', 'ΔΙΑΓΩΝΙΣΜΑ', 'ΠΑΡΩΝ', 65, '', '2019-11-07 00:00:00', NULL),
(463, 17, 39, 23, 9, 6, '2019-10-10', 'ΔΙΑΓΩΝΙΣΜΑ', 'ΠΑΡΩΝ', 90, '', '2019-12-07 00:00:00', NULL),
(464, 17, 39, 24, 9, 6, '2019-11-10', 'ΔΙΑΓΩΝΙΣΜΑ', 'ΠΑΡΩΝ', 83, '', '2019-12-14 00:00:00', NULL),
(465, 15, 39, 1, 9, 6, '2020-01-07', 'ΔΙΑΓΩΝΙΣΜΑ', 'ΠΑΡΩΝ', 70, '', '2020-02-05 00:00:00', NULL),
(466, 15, 39, 1, 9, 6, '2020-02-02', 'ΔΙΑΓΩΝΙΣΜΑ', 'ΠΑΡΩΝ', 70, '', '2020-02-05 00:00:00', NULL),
(467, 17, 39, 24, 9, 6, '2020-01-11', 'ΔΙΑΓΩΝΙΣΜΑ', 'ΠΑΡΩΝ', 78, '', '2020-02-08 00:00:00', NULL),
(468, 17, 39, 23, 9, 6, '2020-01-19', 'ΔΙΑΓΩΝΙΣΜΑ', 'ΠΑΡΩΝ', 90, '', '2020-02-08 00:00:00', NULL),
(469, 1, 40, 25, 5, 24, '2019-10-18', 'TEST', 'ΑΠΩΝ', 0, '', '2019-10-19 00:00:00', NULL),
(470, 1, 40, 25, 5, 24, '2019-10-20', 'ΔΙΑΓΩΝΙΣΜΑ', 'ΑΠΩΝ', 0, '', '2019-10-22 00:00:00', NULL),
(471, 20, 40, 3, 5, 24, '2019-10-13', 'ΔΙΑΓΩΝΙΣΜΑ', 'ΠΑΡΩΝ', 40, '', '2019-10-30 00:00:00', NULL),
(472, 1, 40, 25, 5, 24, '2019-10-31', 'TEST', 'ΠΑΡΩΝ', 15, '', '2019-11-05 00:00:00', NULL),
(473, 14, 40, 1, 5, 24, '2019-10-06', 'ΔΙΑΓΩΝΙΣΜΑ', 'ΑΠΩΝ', 0, '', '2019-11-05 00:00:00', NULL),
(474, 16, 40, 5, 5, 24, '2019-11-03', 'ΔΙΑΓΩΝΙΣΜΑ', 'ΠΑΡΩΝ', 71, '', '2019-11-09 00:00:00', NULL),
(475, 1, 40, 25, 5, 24, '2019-11-15', 'TEST', 'ΑΠΩΝ', 0, '', '2019-11-19 00:00:00', NULL),
(476, 17, 40, 6, 5, 24, '2020-01-17', 'TEST', 'ΠΑΡΩΝ', 30, '', '2020-01-28 00:00:00', NULL),
(477, 20, 40, 3, 5, 24, '2020-01-07', 'ΔΙΑΓΩΝΙΣΜΑ', 'ΠΑΡΩΝ', 20, '', '2020-01-30 00:00:00', NULL),
(478, 14, 40, 1, 5, 24, '2020-01-12', 'ΔΙΑΓΩΝΙΣΜΑ', 'ΠΑΡΩΝ', 60, '', '2020-02-04 00:00:00', NULL),
(479, 16, 40, 5, 5, 24, '2020-01-19', 'ΔΙΑΓΩΝΙΣΜΑ', 'ΠΑΡΩΝ', 76, '', '2020-02-07 00:00:00', NULL),
(480, 16, 40, 5, 5, 24, '2020-01-31', 'TEST', 'ΠΑΡΩΝ', 84, '', '2020-02-07 00:00:00', NULL),
(481, 13, 41, 4, 4, 11, '2020-01-19', 'ΔΙΑΓΩΝΙΣΜΑ', 'ΑΠΩΝ', 0, '', '2020-02-03 00:00:00', NULL),
(482, 13, 41, 4, 4, 11, '2020-03-08', 'ΔΙΑΓΩΝΙΣΜΑ', 'ΑΠΩΝ', 0, '', '2020-04-05 00:00:00', NULL),
(483, 13, 41, 4, 4, 11, '2020-03-29', 'ΔΙΑΓΩΝΙΣΜΑ', 'ΑΠΩΝ', 0, '', '2020-04-07 00:00:00', NULL),
(484, 1, 42, 25, 5, 15, '2019-10-03', 'TEST', 'ΠΑΡΩΝ', 75, '', '2019-10-08 00:00:00', NULL),
(485, 1, 42, 25, 5, 15, '2019-10-18', 'TEST', 'ΠΑΡΩΝ', 60, '', '2019-10-19 00:00:00', NULL),
(486, 1, 42, 25, 5, 15, '2019-10-20', 'ΔΙΑΓΩΝΙΣΜΑ', 'ΠΑΡΩΝ', 36, '', '2019-10-22 00:00:00', NULL),
(487, 20, 42, 3, 5, 15, '2019-10-13', 'ΔΙΑΓΩΝΙΣΜΑ', 'ΠΑΡΩΝ', 76, '', '2019-10-30 00:00:00', NULL),
(488, 1, 42, 25, 5, 15, '2019-10-31', 'TEST', 'ΠΑΡΩΝ', 54, '', '2019-11-05 00:00:00', NULL),
(489, 14, 42, 1, 5, 15, '2019-10-06', 'ΔΙΑΓΩΝΙΣΜΑ', 'ΠΑΡΩΝ', 54, '', '2019-11-05 00:00:00', NULL),
(490, 17, 42, 6, 5, 15, '2019-10-10', 'TEST', 'ΠΑΡΩΝ', 60, '', '2019-11-05 00:00:00', NULL),
(491, 17, 42, 6, 5, 15, '2019-11-02', 'ΔΙΑΓΩΝΙΣΜΑ', 'ΠΑΡΩΝ', 56, '', '2019-11-08 00:00:00', NULL),
(492, 16, 42, 5, 5, 15, '2019-11-03', 'ΔΙΑΓΩΝΙΣΜΑ', 'ΠΑΡΩΝ', 80, '', '2019-11-09 00:00:00', NULL),
(493, 16, 42, 5, 5, 15, '2019-10-24', 'TEST', 'ΠΑΡΩΝ', 84, '', '2019-11-09 00:00:00', NULL),
(494, 1, 42, 25, 5, 15, '2019-11-15', 'TEST', 'ΠΑΡΩΝ', 96, '', '2019-11-19 00:00:00', NULL),
(495, 1, 42, 25, 5, 15, '2019-11-29', 'TEST', 'ΠΑΡΩΝ', 76, '', '2019-12-03 00:00:00', NULL),
(496, 1, 42, 25, 5, 15, '2019-12-01', 'ΔΙΑΓΩΝΙΣΜΑ', 'ΠΑΡΩΝ', 40, '', '2019-12-03 00:00:00', NULL),
(497, 1, 42, 25, 5, 15, '2019-12-03', 'ΕΡΓΑΣΙΑ', 'ΑΠΩΝ', 0, '', '2019-12-05 00:00:00', NULL),
(498, 1, 42, 25, 5, 15, '2019-12-13', 'TEST', 'ΠΑΡΩΝ', 76, '', '2019-12-14 00:00:00', NULL),
(499, 1, 42, 25, 5, 15, '2020-01-03', 'ΔΙΑΓΩΝΙΣΜΑ', 'ΑΠΩΝ', 0, '', '2020-01-15 00:00:00', NULL),
(500, 1, 42, 25, 5, 15, '2020-01-10', 'TEST', 'ΠΑΡΩΝ', 45, '', '2020-01-15 00:00:00', NULL),
(501, 1, 42, 25, 5, 15, '2020-01-24', 'TEST', 'ΠΑΡΩΝ', 70, '', '2020-01-28 00:00:00', NULL),
(502, 17, 42, 6, 5, 15, '2020-01-17', 'TEST', 'ΠΑΡΩΝ', 85, '', '2020-01-28 00:00:00', NULL),
(503, 14, 42, 1, 5, 15, '2020-01-12', 'ΔΙΑΓΩΝΙΣΜΑ', 'ΠΑΡΩΝ', 55, '', '2020-02-04 00:00:00', NULL),
(504, 16, 42, 5, 5, 15, '2020-01-19', 'ΔΙΑΓΩΝΙΣΜΑ', 'ΠΑΡΩΝ', 85, '', '2020-02-07 00:00:00', NULL),
(505, 16, 42, 5, 5, 15, '2020-01-31', 'TEST', 'ΠΑΡΩΝ', 80, '', '2020-02-07 00:00:00', NULL),
(506, 1, 42, 25, 5, 15, '2020-02-07', 'TEST', 'ΑΠΩΝ', 0, '', '2020-02-08 00:00:00', NULL),
(507, 1, 42, 25, 5, 15, '2020-02-21', 'TEST', 'ΑΠΩΝ', 0, '', '2020-02-27 00:00:00', NULL),
(508, 14, 43, 1, 5, 16, '2019-10-06', 'ΔΙΑΓΩΝΙΣΜΑ', 'ΠΑΡΩΝ', 58, '', '2019-11-05 00:00:00', NULL),
(509, 15, 43, 7, 5, 16, '2019-10-20', 'ΔΙΑΓΩΝΙΣΜΑ', 'ΠΑΡΩΝ', 60, '', '2019-11-07 00:00:00', NULL),
(510, 14, 44, 1, 10, 26, '2019-10-20', 'ΔΙΑΓΩΝΙΣΜΑ', 'ΑΠΩΝ', 0, '', '2019-11-05 00:00:00', NULL),
(511, 15, 44, 11, 10, 26, '2019-10-13', 'ΔΙΑΓΩΝΙΣΜΑ', 'ΠΑΡΩΝ', 85, '', '2019-11-07 00:00:00', NULL),
(512, 15, 44, 16, 10, 26, '2019-11-03', 'ΔΙΑΓΩΝΙΣΜΑ', 'ΠΑΡΩΝ', 90, '', '2019-11-07 00:00:00', NULL),
(513, 14, 44, 1, 10, 26, '2020-01-12', 'ΔΙΑΓΩΝΙΣΜΑ', 'ΠΑΡΩΝ', 33, '', '2020-02-04 00:00:00', NULL),
(514, 15, 44, 7, 10, 26, '2019-12-01', 'ΔΙΑΓΩΝΙΣΜΑ', 'ΠΑΡΩΝ', 60, '', '2020-02-05 00:00:00', NULL),
(515, 15, 44, 7, 10, 26, '2020-01-03', 'ΔΙΑΓΩΝΙΣΜΑ', 'ΠΑΡΩΝ', 50, '', '2020-02-05 00:00:00', NULL),
(516, 15, 44, 11, 10, 26, '2019-12-08', 'ΔΙΑΓΩΝΙΣΜΑ', 'ΠΑΡΩΝ', 85, '', '2020-02-05 00:00:00', NULL),
(517, 15, 44, 11, 10, 26, '2020-01-19', 'ΔΙΑΓΩΝΙΣΜΑ', 'ΠΑΡΩΝ', 55, '', '2020-02-05 00:00:00', NULL),
(518, 15, 44, 16, 10, 26, '2020-01-07', 'ΔΙΑΓΩΝΙΣΜΑ', 'ΑΠΩΝ', 0, '', '2020-02-05 00:00:00', NULL),
(519, 14, 45, 1, 5, 24, '2019-10-06', 'ΔΙΑΓΩΝΙΣΜΑ', 'ΠΑΡΩΝ', 67, '', '2019-11-05 00:00:00', NULL),
(520, 14, 45, 1, 5, 24, '2020-01-12', 'ΔΙΑΓΩΝΙΣΜΑ', 'ΠΑΡΩΝ', 64, '', '2020-02-04 00:00:00', NULL),
(521, 14, 46, 1, 5, 24, '2019-10-06', 'ΔΙΑΓΩΝΙΣΜΑ', 'ΠΑΡΩΝ', 52, '', '2019-11-05 00:00:00', NULL),
(522, 14, 46, 1, 5, 24, '2020-01-12', 'ΔΙΑΓΩΝΙΣΜΑ', 'ΠΑΡΩΝ', 53, '', '2020-02-04 00:00:00', NULL),
(523, 14, 48, 1, 5, 16, '2019-10-06', 'ΔΙΑΓΩΝΙΣΜΑ', 'ΠΑΡΩΝ', 12, '', '2019-11-05 00:00:00', NULL),
(524, 15, 48, 7, 5, 16, '2019-11-20', 'ΔΙΑΓΩΝΙΣΜΑ', 'ΑΠΩΝ', 0, '', '2019-11-07 00:00:00', NULL),
(525, 1, 49, 25, 10, 25, '2019-10-06', 'ΔΙΑΓΩΝΙΣΜΑ', 'ΠΑΡΩΝ', 17, '', '2019-10-09 00:00:00', NULL),
(526, 1, 49, 25, 10, 25, '2019-10-17', 'TEST', 'ΠΑΡΩΝ', 59, '', '2019-10-19 00:00:00', NULL),
(527, 13, 49, 4, 10, 25, '2019-10-15', 'TEST', 'ΠΑΡΩΝ', 77, '', '2019-10-21 00:00:00', NULL),
(528, 20, 49, 3, 10, 25, '2019-10-13', 'ΔΙΑΓΩΝΙΣΜΑ', 'ΠΑΡΩΝ', 50, '', '2019-10-30 00:00:00', NULL),
(529, 1, 49, 25, 10, 25, '2019-10-31', 'TEST', 'ΠΑΡΩΝ', 51, '', '2019-11-05 00:00:00', NULL),
(530, 14, 49, 1, 10, 25, '2019-10-20', 'ΔΙΑΓΩΝΙΣΜΑ', 'ΠΑΡΩΝ', 60, '', '2019-11-05 00:00:00', NULL);
INSERT INTO `grades_19_20_xeim` (`id`, `user_id`, `student_id`, `lesson_id`, `taksi`, `tmima`, `exam_date`, `exam_kind`, `absence`, `grade`, `comments`, `created_at`, `updated_at`) VALUES
(531, 20, 49, 3, 10, 25, '2019-11-01', 'TEST', 'ΠΑΡΩΝ', 75, '', '2019-11-06 00:00:00', NULL),
(532, 13, 49, 4, 10, 25, '2019-11-03', 'ΔΙΑΓΩΝΙΣΜΑ', 'ΠΑΡΩΝ', 46, '', '2019-11-07 00:00:00', NULL),
(533, 1, 49, 25, 10, 25, '2019-11-07', 'TEST', 'ΠΑΡΩΝ', 54, '', '2019-11-07 00:00:00', NULL),
(534, 13, 49, 4, 10, 25, '2019-11-05', 'TEST', 'ΠΑΡΩΝ', 63, '', '2019-11-08 00:00:00', NULL),
(535, 1, 49, 25, 10, 25, '2019-11-21', 'TEST', 'ΠΑΡΩΝ', 45, '', '2019-11-26 00:00:00', NULL),
(536, 1, 49, 25, 10, 25, '2019-11-28', 'TEST', 'ΠΑΡΩΝ', 24, '', '2019-11-30 00:00:00', NULL),
(537, 13, 49, 4, 10, 25, '2019-11-26', 'TEST', 'ΠΑΡΩΝ', 77, '', '2019-12-02 00:00:00', NULL),
(538, 1, 49, 25, 10, 25, '2019-12-01', 'ΔΙΑΓΩΝΙΣΜΑ', 'ΠΑΡΩΝ', 27, '', '2019-12-03 00:00:00', NULL),
(539, 1, 49, 25, 10, 25, '2019-12-03', 'ΕΡΓΑΣΙΑ', 'ΠΑΡΩΝ', 39, '', '2019-12-05 00:00:00', NULL),
(540, 1, 49, 25, 10, 25, '2019-12-05', 'TEST', 'ΠΑΡΩΝ', 100, '', '2019-12-07 00:00:00', NULL),
(541, 20, 49, 3, 10, 25, '2019-11-08', 'TEST', 'ΠΑΡΩΝ', 70, '', '2019-12-10 00:00:00', NULL),
(542, 20, 49, 3, 10, 25, '2019-11-29', 'TEST', 'ΠΑΡΩΝ', 70, '', '2019-12-10 00:00:00', NULL),
(543, 20, 49, 3, 10, 25, '2019-12-08', 'ΔΙΑΓΩΝΙΣΜΑ', 'ΠΑΡΩΝ', 42, '', '2019-12-12 00:00:00', NULL),
(544, 13, 49, 4, 10, 25, '2019-12-17', 'TEST', 'ΠΑΡΩΝ', 62, '', '2020-01-09 00:00:00', NULL),
(545, 1, 49, 25, 10, 25, '2020-01-16', 'TEST', 'ΠΑΡΩΝ', 36, '', '2020-01-21 00:00:00', NULL),
(546, 1, 49, 25, 10, 25, '2020-01-03', 'ΔΙΑΓΩΝΙΣΜΑ', 'ΠΑΡΩΝ', 61, '', '2020-01-21 00:00:00', NULL),
(547, 1, 49, 25, 10, 25, '2020-01-23', 'TEST', 'ΠΑΡΩΝ', 40, '', '2020-01-28 00:00:00', NULL),
(548, 20, 49, 3, 10, 25, '2020-01-07', 'ΔΙΑΓΩΝΙΣΜΑ', 'ΠΑΡΩΝ', 49, '', '2020-01-30 00:00:00', NULL),
(549, 20, 49, 3, 10, 25, '2020-01-24', 'TEST', 'ΠΑΡΩΝ', 100, '', '2020-01-30 00:00:00', NULL),
(550, 13, 49, 4, 10, 25, '2020-01-19', 'ΔΙΑΓΩΝΙΣΜΑ', 'ΑΠΩΝ', 0, '', '2020-02-03 00:00:00', NULL),
(551, 13, 49, 4, 10, 25, '2020-01-21', 'TEST', 'ΠΑΡΩΝ', 75, '', '2020-02-03 00:00:00', NULL),
(552, 14, 49, 1, 10, 25, '2020-01-12', 'ΔΙΑΓΩΝΙΣΜΑ', 'ΠΑΡΩΝ', 60, '', '2020-02-04 00:00:00', NULL),
(553, 1, 49, 25, 10, 25, '2020-01-30', 'TEST', 'ΠΑΡΩΝ', 33, '', '2020-02-06 00:00:00', NULL),
(554, 20, 49, 3, 10, 25, '2020-02-14', 'TEST', 'ΠΑΡΩΝ', 85, '', '2020-02-25 00:00:00', NULL),
(555, 20, 49, 3, 10, 25, '2020-01-31', 'TEST', 'ΑΠΩΝ', 0, '', '2020-02-25 00:00:00', NULL),
(556, 13, 49, 4, 10, 25, '2020-02-11', 'TEST', 'ΠΑΡΩΝ', 66, '', '2020-03-03 00:00:00', NULL),
(557, 13, 49, 4, 10, 25, '2020-03-08', 'ΔΙΑΓΩΝΙΣΜΑ', 'ΠΑΡΩΝ', 38, '', '2020-04-05 00:00:00', NULL),
(558, 13, 49, 4, 10, 25, '2020-03-22', 'ΔΙΑΓΩΝΙΣΜΑ', 'ΠΑΡΩΝ', 41, '', '2020-04-20 00:00:00', NULL),
(559, 13, 49, 4, 10, 25, '2020-03-03', 'TEST', 'ΠΑΡΩΝ', 63, '', '2020-04-23 00:00:00', NULL),
(560, 1, 51, 25, 5, 15, '2019-10-03', 'TEST', 'ΠΑΡΩΝ', 51, '', '2019-10-08 00:00:00', NULL),
(561, 1, 51, 25, 5, 15, '2019-10-18', 'TEST', 'ΠΑΡΩΝ', 60, '', '2019-10-19 00:00:00', NULL),
(562, 1, 51, 25, 5, 15, '2019-10-20', 'ΔΙΑΓΩΝΙΣΜΑ', 'ΠΑΡΩΝ', 35, '', '2019-10-22 00:00:00', NULL),
(563, 1, 51, 25, 5, 15, '2019-10-31', 'TEST', 'ΑΠΩΝ', 0, '', '2019-11-05 00:00:00', NULL),
(564, 14, 51, 1, 5, 15, '2019-10-06', 'ΔΙΑΓΩΝΙΣΜΑ', 'ΑΠΩΝ', 0, '', '2019-11-05 00:00:00', NULL),
(565, 17, 51, 6, 5, 15, '2019-10-10', 'TEST', 'ΠΑΡΩΝ', 70, '', '2019-11-05 00:00:00', NULL),
(566, 20, 51, 3, 5, 15, '2019-10-13', 'ΔΙΑΓΩΝΙΣΜΑ', 'ΠΑΡΩΝ', 74, '', '2019-11-06 00:00:00', NULL),
(567, 16, 51, 5, 5, 15, '2019-10-24', 'TEST', 'ΠΑΡΩΝ', 80, '', '2019-11-09 00:00:00', NULL),
(568, 1, 51, 25, 5, 15, '2019-11-15', 'TEST', 'ΠΑΡΩΝ', 81, '', '2019-11-19 00:00:00', NULL),
(569, 1, 51, 25, 5, 15, '2019-11-29', 'TEST', 'ΠΑΡΩΝ', 72, '', '2019-12-03 00:00:00', NULL),
(570, 1, 51, 25, 5, 15, '2019-12-01', 'ΔΙΑΓΩΝΙΣΜΑ', 'ΑΠΩΝ', 0, '', '2019-12-03 00:00:00', NULL),
(571, 1, 51, 25, 5, 15, '2019-12-03', 'ΕΡΓΑΣΙΑ', 'ΑΠΩΝ', 0, '', '2019-12-05 00:00:00', NULL),
(572, 1, 51, 25, 5, 15, '2019-12-13', 'TEST', 'ΠΑΡΩΝ', 82, '', '2019-12-14 00:00:00', NULL),
(573, 1, 51, 25, 5, 15, '2020-01-03', 'ΔΙΑΓΩΝΙΣΜΑ', 'ΑΠΩΝ', 0, '', '2020-01-15 00:00:00', NULL),
(574, 1, 51, 25, 5, 15, '2020-01-10', 'TEST', 'ΠΑΡΩΝ', 35, '', '2020-01-15 00:00:00', NULL),
(575, 1, 51, 25, 5, 15, '2020-01-24', 'TEST', 'ΠΑΡΩΝ', 55, '', '2020-01-28 00:00:00', NULL),
(576, 17, 51, 6, 5, 15, '2020-01-17', 'TEST', 'ΠΑΡΩΝ', 25, '', '2020-01-28 00:00:00', NULL),
(577, 14, 51, 1, 5, 15, '2020-01-12', 'ΔΙΑΓΩΝΙΣΜΑ', 'ΠΑΡΩΝ', 55, '', '2020-02-04 00:00:00', NULL),
(578, 16, 51, 5, 5, 15, '2020-01-19', 'ΔΙΑΓΩΝΙΣΜΑ', 'ΠΑΡΩΝ', 74, '', '2020-02-07 00:00:00', NULL),
(579, 1, 51, 25, 5, 15, '2020-02-07', 'TEST', 'ΠΑΡΩΝ', 22, '', '2020-02-08 00:00:00', NULL),
(580, 1, 51, 25, 5, 24, '2020-02-21', 'TEST', 'ΑΠΩΝ', 0, '', '2020-02-27 00:00:00', NULL),
(581, 1, 52, 25, 10, 25, '2019-10-06', 'ΔΙΑΓΩΝΙΣΜΑ', 'ΑΠΩΝ', 0, '', '2019-10-09 00:00:00', NULL),
(582, 1, 52, 25, 10, 25, '2019-10-17', 'TEST', 'ΠΑΡΩΝ', 45, '', '2019-10-19 00:00:00', NULL),
(583, 13, 52, 4, 10, 25, '2019-10-15', 'TEST', 'ΠΑΡΩΝ', 73, '', '2019-10-21 00:00:00', NULL),
(584, 1, 52, 25, 10, 25, '2019-10-31', 'TEST', 'ΠΑΡΩΝ', 43, '', '2019-11-05 00:00:00', NULL),
(585, 14, 52, 1, 10, 25, '2019-10-20', 'ΔΙΑΓΩΝΙΣΜΑ', 'ΠΑΡΩΝ', 49, '', '2019-11-05 00:00:00', NULL),
(586, 20, 52, 3, 10, 25, '2019-11-01', 'TEST', 'ΑΠΩΝ', 0, '', '2019-11-06 00:00:00', NULL),
(587, 20, 52, 3, 10, 25, '2019-10-13', 'ΔΙΑΓΩΝΙΣΜΑ', 'ΑΠΩΝ', 0, '', '2019-11-06 00:00:00', NULL),
(588, 13, 52, 4, 10, 25, '2019-11-03', 'ΔΙΑΓΩΝΙΣΜΑ', 'ΠΑΡΩΝ', 47, '', '2019-11-07 00:00:00', NULL),
(589, 1, 52, 25, 10, 25, '2019-11-07', 'TEST', 'ΠΑΡΩΝ', 57, '', '2019-11-07 00:00:00', NULL),
(590, 13, 52, 4, 10, 25, '2019-11-05', 'TEST', 'ΠΑΡΩΝ', 80, '', '2019-11-08 00:00:00', NULL),
(591, 1, 52, 25, 10, 25, '2019-11-21', 'TEST', 'ΠΑΡΩΝ', 55, '', '2019-11-26 00:00:00', NULL),
(592, 1, 52, 25, 10, 25, '2019-11-28', 'TEST', 'ΑΠΩΝ', 0, '', '2019-11-30 00:00:00', NULL),
(593, 13, 52, 4, 10, 25, '2019-11-26', 'TEST', 'ΠΑΡΩΝ', 77, '', '2019-12-02 00:00:00', NULL),
(594, 1, 52, 25, 10, 25, '2019-12-01', 'ΔΙΑΓΩΝΙΣΜΑ', 'ΠΑΡΩΝ', 36, '', '2019-12-03 00:00:00', NULL),
(595, 1, 52, 25, 10, 25, '2019-12-03', 'ΕΡΓΑΣΙΑ', 'ΠΑΡΩΝ', 49, '', '2019-12-05 00:00:00', NULL),
(596, 1, 52, 25, 10, 25, '2019-12-05', 'TEST', 'ΠΑΡΩΝ', 89, '', '2019-12-07 00:00:00', NULL),
(597, 20, 52, 3, 10, 25, '2019-11-08', 'TEST', 'ΠΑΡΩΝ', 75, '', '2019-12-10 00:00:00', NULL),
(598, 20, 52, 3, 10, 25, '2019-11-29', 'TEST', 'ΠΑΡΩΝ', 79, '', '2019-12-10 00:00:00', NULL),
(599, 13, 52, 4, 10, 25, '2019-12-17', 'TEST', 'ΠΑΡΩΝ', 76, '', '2020-01-09 00:00:00', NULL),
(600, 1, 52, 25, 10, 25, '2020-01-16', 'TEST', 'ΠΑΡΩΝ', 77, '', '2020-01-21 00:00:00', NULL),
(601, 1, 52, 25, 10, 25, '2020-01-03', 'ΔΙΑΓΩΝΙΣΜΑ', 'ΠΑΡΩΝ', 77, '', '2020-01-21 00:00:00', NULL),
(602, 1, 52, 25, 10, 25, '2020-01-23', 'TEST', 'ΠΑΡΩΝ', 67, '', '2020-01-28 00:00:00', NULL),
(603, 20, 52, 3, 10, 25, '2020-01-07', 'ΔΙΑΓΩΝΙΣΜΑ', 'ΠΑΡΩΝ', 41, '', '2020-01-30 00:00:00', NULL),
(604, 20, 52, 3, 10, 25, '2020-01-24', 'TEST', 'ΠΑΡΩΝ', 50, '', '2020-01-30 00:00:00', NULL),
(605, 13, 52, 4, 10, 25, '2020-01-19', 'ΔΙΑΓΩΝΙΣΜΑ', 'ΑΠΩΝ', 0, '', '2020-02-03 00:00:00', NULL),
(606, 13, 52, 4, 10, 25, '2020-01-21', 'TEST', 'ΠΑΡΩΝ', 68, '', '2020-02-03 00:00:00', NULL),
(607, 14, 52, 1, 10, 25, '2020-01-12', 'ΔΙΑΓΩΝΙΣΜΑ', 'ΠΑΡΩΝ', 39, '', '2020-02-04 00:00:00', NULL),
(608, 1, 52, 25, 10, 25, '2020-01-30', 'TEST', 'ΠΑΡΩΝ', 53, '', '2020-02-06 00:00:00', NULL),
(609, 20, 52, 3, 10, 25, '2020-02-14', 'TEST', 'ΠΑΡΩΝ', 96, '', '2020-02-25 00:00:00', NULL),
(610, 20, 52, 3, 10, 25, '2020-01-31', 'TEST', 'ΑΠΩΝ', 0, '', '2020-02-25 00:00:00', NULL),
(611, 13, 52, 4, 10, 25, '2020-02-11', 'TEST', 'ΑΠΩΝ', 0, '', '2020-03-03 00:00:00', NULL),
(612, 13, 52, 4, 10, 25, '2020-03-08', 'ΔΙΑΓΩΝΙΣΜΑ', 'ΑΠΩΝ', 0, '', '2020-04-05 00:00:00', NULL),
(613, 13, 52, 4, 10, 25, '2020-03-22', 'ΔΙΑΓΩΝΙΣΜΑ', 'ΑΠΩΝ', 0, '', '2020-04-20 00:00:00', NULL),
(614, 13, 52, 4, 10, 25, '2020-03-03', 'TEST', 'ΑΠΩΝ', 0, '', '2020-04-23 00:00:00', NULL),
(615, 14, 53, 1, 10, 26, '2019-10-20', 'ΔΙΑΓΩΝΙΣΜΑ', 'ΠΑΡΩΝ', 38, '', '2019-11-05 00:00:00', NULL),
(616, 15, 53, 16, 10, 26, '2019-11-03', 'ΔΙΑΓΩΝΙΣΜΑ', 'ΠΑΡΩΝ', 65, '', '2019-11-07 00:00:00', NULL),
(617, 15, 53, 11, 10, 26, '2019-10-13', 'ΔΙΑΓΩΝΙΣΜΑ', 'ΑΠΩΝ', 0, '', '2019-11-07 00:00:00', NULL),
(618, 14, 53, 1, 10, 26, '2020-01-12', 'ΔΙΑΓΩΝΙΣΜΑ', 'ΠΑΡΩΝ', 14, '', '2020-02-04 00:00:00', NULL),
(619, 15, 53, 7, 10, 26, '2019-12-01', 'ΔΙΑΓΩΝΙΣΜΑ', 'ΠΑΡΩΝ', 40, '', '2020-02-05 00:00:00', NULL),
(620, 15, 53, 7, 10, 26, '2020-01-03', 'ΔΙΑΓΩΝΙΣΜΑ', 'ΠΑΡΩΝ', 50, '', '2020-02-05 00:00:00', NULL),
(621, 15, 53, 11, 10, 26, '2019-12-08', 'ΔΙΑΓΩΝΙΣΜΑ', 'ΠΑΡΩΝ', 80, '', '2020-02-05 00:00:00', NULL),
(622, 15, 53, 11, 10, 26, '2020-01-19', 'ΔΙΑΓΩΝΙΣΜΑ', 'ΠΑΡΩΝ', 50, '', '2020-02-05 00:00:00', NULL),
(623, 15, 53, 16, 10, 26, '2020-01-07', 'ΔΙΑΓΩΝΙΣΜΑ', 'ΑΠΩΝ', 0, '', '2020-02-05 00:00:00', NULL),
(624, 13, 54, 4, 10, 28, '2019-10-15', 'TEST', 'ΠΑΡΩΝ', 93, '', '2019-10-21 00:00:00', NULL),
(625, 20, 54, 3, 10, 28, '2019-10-13', 'ΔΙΑΓΩΝΙΣΜΑ', 'ΠΑΡΩΝ', 81, '', '2019-10-30 00:00:00', NULL),
(626, 14, 54, 1, 10, 28, '2019-10-20', 'ΔΙΑΓΩΝΙΣΜΑ', 'ΠΑΡΩΝ', 59, '', '2019-11-05 00:00:00', NULL),
(627, 20, 54, 3, 10, 28, '2019-11-01', 'TEST', 'ΠΑΡΩΝ', 95, '', '2019-11-06 00:00:00', NULL),
(628, 13, 54, 4, 10, 28, '2019-11-03', 'ΔΙΑΓΩΝΙΣΜΑ', 'ΠΑΡΩΝ', 90, '', '2019-11-07 00:00:00', NULL),
(629, 13, 54, 4, 10, 28, '2019-11-05', 'TEST', 'ΠΑΡΩΝ', 85, '', '2019-11-07 00:00:00', NULL),
(630, 18, 54, 8, 10, 28, '2019-10-06', 'ΔΙΑΓΩΝΙΣΜΑ', 'ΠΑΡΩΝ', 84, '', '2019-11-08 00:00:00', NULL),
(631, 13, 54, 4, 10, 28, '2019-11-26', 'TEST', 'ΠΑΡΩΝ', 74, '', '2019-12-02 00:00:00', NULL),
(632, 20, 54, 3, 10, 28, '2019-11-08', 'TEST', 'ΠΑΡΩΝ', 85, '', '2019-12-10 00:00:00', NULL),
(633, 20, 54, 3, 10, 28, '2019-11-29', 'TEST', 'ΠΑΡΩΝ', 75, '', '2019-12-10 00:00:00', NULL),
(634, 20, 54, 3, 10, 28, '2019-12-08', 'ΔΙΑΓΩΝΙΣΜΑ', 'ΠΑΡΩΝ', 63, '', '2019-12-12 00:00:00', NULL),
(635, 18, 54, 8, 10, 28, '2019-12-01', 'ΔΙΑΓΩΝΙΣΜΑ', 'ΠΑΡΩΝ', 78, 'βιαστικός. το 1 κεφαλάιο γενικής δεν το κατέχει επαρκώς', '2019-12-12 00:00:00', NULL),
(636, 18, 54, 8, 10, 28, '2019-11-19', 'ΕΡΓΑΣΙΑ', 'ΠΑΡΩΝ', 70, '', '2019-12-12 00:00:00', NULL),
(637, 13, 54, 4, 10, 28, '2019-12-17', 'TEST', 'ΠΑΡΩΝ', 80, '', '2020-01-09 00:00:00', NULL),
(638, 20, 54, 3, 10, 28, '2020-01-07', 'ΔΙΑΓΩΝΙΣΜΑ', 'ΠΑΡΩΝ', 78, '', '2020-01-30 00:00:00', NULL),
(639, 20, 54, 3, 10, 28, '2020-01-24', 'TEST', 'ΠΑΡΩΝ', 100, '', '2020-01-30 00:00:00', NULL),
(640, 13, 54, 4, 10, 28, '2020-01-19', 'ΔΙΑΓΩΝΙΣΜΑ', 'ΠΑΡΩΝ', 90, '', '2020-02-03 00:00:00', NULL),
(641, 13, 54, 4, 10, 28, '2020-01-21', 'TEST', 'ΠΑΡΩΝ', 90, '', '2020-02-03 00:00:00', NULL),
(642, 14, 54, 1, 10, 28, '2020-01-12', 'ΔΙΑΓΩΝΙΣΜΑ', 'ΠΑΡΩΝ', 67, '', '2020-02-04 00:00:00', NULL),
(643, 18, 54, 8, 10, 28, '2020-01-03', 'ΔΙΑΓΩΝΙΣΜΑ', 'ΠΑΡΩΝ', 84, '', '2020-02-06 00:00:00', NULL),
(644, 20, 54, 3, 10, 28, '2020-02-14', 'TEST', 'ΠΑΡΩΝ', 98, '', '2020-02-25 00:00:00', NULL),
(645, 20, 54, 3, 10, 28, '2020-01-31', 'TEST', 'ΠΑΡΩΝ', 75, '', '2020-02-25 00:00:00', NULL),
(646, 13, 54, 4, 10, 28, '2020-02-11', 'TEST', 'ΠΑΡΩΝ', 85, '', '2020-03-03 00:00:00', NULL),
(647, 18, 54, 8, 10, 28, '2020-02-16', 'ΔΙΑΓΩΝΙΣΜΑ', 'ΠΑΡΩΝ', 80, '', '2020-03-11 00:00:00', NULL),
(648, 18, 54, 8, 10, 28, '2020-02-18', 'TEST', 'ΠΑΡΩΝ', 100, '', '2020-03-11 00:00:00', NULL),
(649, 18, 54, 8, 10, 28, '2020-02-04', 'TEST', 'ΠΑΡΩΝ', 90, '', '2020-03-11 00:00:00', NULL),
(650, 13, 54, 4, 10, 28, '2020-03-08', 'ΔΙΑΓΩΝΙΣΜΑ', 'ΠΑΡΩΝ', 68, '', '2020-04-05 00:00:00', NULL),
(651, 13, 54, 4, 10, 28, '2020-03-22', 'ΔΙΑΓΩΝΙΣΜΑ', 'ΠΑΡΩΝ', 73, '', '2020-04-20 00:00:00', NULL),
(652, 13, 54, 4, 10, 28, '2020-03-03', 'TEST', 'ΠΑΡΩΝ', 93, '', '2020-04-23 00:00:00', NULL),
(653, 1, 55, 25, 5, 15, '2019-10-03', 'TEST', 'ΠΑΡΩΝ', 80, '', '2019-10-08 00:00:00', NULL),
(654, 1, 55, 25, 5, 15, '2019-10-18', 'TEST', 'ΠΑΡΩΝ', 65, '', '2019-10-19 00:00:00', NULL),
(655, 1, 55, 25, 5, 15, '2019-10-20', 'ΔΙΑΓΩΝΙΣΜΑ', 'ΠΑΡΩΝ', 48, '', '2019-10-22 00:00:00', NULL),
(656, 1, 55, 25, 5, 15, '2019-10-31', 'TEST', 'ΠΑΡΩΝ', 54, '', '2019-11-05 00:00:00', NULL),
(657, 14, 55, 1, 5, 15, '2019-10-06', 'ΔΙΑΓΩΝΙΣΜΑ', 'ΠΑΡΩΝ', 63, '', '2019-11-05 00:00:00', NULL),
(658, 17, 55, 6, 5, 15, '2019-10-10', 'TEST', 'ΠΑΡΩΝ', 70, '', '2019-11-05 00:00:00', NULL),
(659, 20, 55, 3, 5, 15, '2019-10-13', 'ΔΙΑΓΩΝΙΣΜΑ', 'ΠΑΡΩΝ', 80, '', '2019-11-06 00:00:00', NULL),
(660, 16, 55, 5, 5, 15, '2019-11-03', 'ΔΙΑΓΩΝΙΣΜΑ', 'ΠΑΡΩΝ', 71, '', '2019-11-09 00:00:00', NULL),
(661, 16, 55, 5, 5, 15, '2019-10-24', 'TEST', 'ΠΑΡΩΝ', 84, '', '2019-11-09 00:00:00', NULL),
(662, 1, 55, 25, 5, 15, '2019-11-15', 'TEST', 'ΠΑΡΩΝ', 85, '', '2019-11-19 00:00:00', NULL),
(663, 1, 55, 25, 5, 15, '2019-11-29', 'TEST', 'ΠΑΡΩΝ', 87, '', '2019-12-03 00:00:00', NULL),
(664, 1, 55, 25, 5, 15, '2019-12-01', 'ΔΙΑΓΩΝΙΣΜΑ', 'ΠΑΡΩΝ', 45, '', '2019-12-03 00:00:00', NULL),
(665, 1, 55, 25, 5, 15, '2019-12-03', 'ΕΡΓΑΣΙΑ', 'ΠΑΡΩΝ', 46, '', '2019-12-05 00:00:00', NULL),
(666, 1, 55, 25, 5, 15, '2019-12-13', 'TEST', 'ΠΑΡΩΝ', 60, '', '2019-12-14 00:00:00', NULL),
(667, 1, 55, 25, 5, 15, '2020-01-03', 'ΔΙΑΓΩΝΙΣΜΑ', 'ΠΑΡΩΝ', 42, '', '2020-01-15 00:00:00', NULL),
(668, 1, 55, 25, 5, 15, '2020-01-10', 'TEST', 'ΑΠΩΝ', 0, '', '2020-01-15 00:00:00', NULL),
(669, 1, 55, 25, 5, 15, '2020-01-24', 'TEST', 'ΑΠΩΝ', 0, '', '2020-01-28 00:00:00', NULL),
(670, 14, 55, 1, 5, 15, '2020-01-12', 'ΔΙΑΓΩΝΙΣΜΑ', 'ΑΠΩΝ', 0, '', '2020-02-04 00:00:00', NULL),
(671, 16, 55, 5, 5, 15, '2020-01-19', 'ΔΙΑΓΩΝΙΣΜΑ', 'ΠΑΡΩΝ', 88, '', '2020-02-07 00:00:00', NULL),
(672, 16, 55, 5, 5, 15, '2020-01-31', 'TEST', 'ΠΑΡΩΝ', 84, '', '2020-02-07 00:00:00', NULL),
(673, 1, 55, 25, 5, 15, '2020-02-07', 'TEST', 'ΑΠΩΝ', 0, '', '2020-02-08 00:00:00', NULL),
(674, 1, 55, 25, 5, 15, '2020-02-21', 'TEST', 'ΑΠΩΝ', 0, '', '2020-02-27 00:00:00', NULL),
(675, 20, 56, 4, 2, 9, '2019-10-04', 'TEST', 'ΠΑΡΩΝ', 50, '', '2019-10-10 00:00:00', NULL),
(676, 13, 57, 4, 3, 10, '2020-01-19', 'ΔΙΑΓΩΝΙΣΜΑ', 'ΠΑΡΩΝ', 27, '', '2020-02-03 00:00:00', NULL),
(677, 13, 57, 4, 3, 10, '2020-03-22', 'ΔΙΑΓΩΝΙΣΜΑ', 'ΑΠΩΝ', 0, '', '2020-04-05 00:00:00', NULL),
(678, 15, 58, 1, 9, 6, '2019-10-06', 'ΔΙΑΓΩΝΙΣΜΑ', 'ΠΑΡΩΝ', 30, '', '2019-11-07 00:00:00', NULL),
(679, 17, 58, 23, 9, 6, '2019-10-10', 'ΔΙΑΓΩΝΙΣΜΑ', 'ΠΑΡΩΝ', 61, '', '2019-12-07 00:00:00', NULL),
(680, 17, 58, 24, 9, 6, '2019-11-10', 'ΔΙΑΓΩΝΙΣΜΑ', 'ΠΑΡΩΝ', 59, '', '2019-12-14 00:00:00', NULL),
(681, 15, 58, 1, 9, 6, '2020-01-07', 'ΔΙΑΓΩΝΙΣΜΑ', 'ΠΑΡΩΝ', 30, '', '2020-02-05 00:00:00', NULL),
(682, 15, 58, 1, 9, 6, '2020-02-02', 'ΔΙΑΓΩΝΙΣΜΑ', 'ΠΑΡΩΝ', 30, '', '2020-02-05 00:00:00', NULL),
(683, 17, 58, 24, 9, 6, '2020-01-11', 'ΔΙΑΓΩΝΙΣΜΑ', 'ΠΑΡΩΝ', 75, '', '2020-02-08 00:00:00', NULL),
(684, 17, 58, 23, 9, 6, '2020-01-18', 'ΔΙΑΓΩΝΙΣΜΑ', 'ΠΑΡΩΝ', 85, '', '2020-02-08 00:00:00', NULL),
(685, 13, 59, 4, 10, 28, '2019-10-15', 'TEST', 'ΠΑΡΩΝ', 88, '', '2019-10-21 00:00:00', NULL),
(686, 20, 59, 3, 10, 28, '2019-10-13', 'ΔΙΑΓΩΝΙΣΜΑ', 'ΠΑΡΩΝ', 65, '', '2019-10-30 00:00:00', NULL),
(687, 14, 59, 1, 10, 28, '2019-10-20', 'ΔΙΑΓΩΝΙΣΜΑ', 'ΠΑΡΩΝ', 61, '', '2019-11-05 00:00:00', NULL),
(688, 20, 59, 3, 10, 28, '2019-11-01', 'TEST', 'ΠΑΡΩΝ', 90, '', '2019-11-06 00:00:00', NULL),
(689, 13, 59, 4, 10, 28, '2019-11-03', 'ΔΙΑΓΩΝΙΣΜΑ', 'ΠΑΡΩΝ', 92, '', '2019-11-07 00:00:00', NULL),
(690, 13, 59, 4, 10, 28, '2019-11-05', 'TEST', 'ΠΑΡΩΝ', 78, '', '2019-11-08 00:00:00', NULL),
(691, 18, 59, 8, 10, 28, '2019-10-06', 'ΔΙΑΓΩΝΙΣΜΑ', 'ΠΑΡΩΝ', 92, '', '2019-11-08 00:00:00', NULL),
(692, 13, 59, 4, 10, 28, '2019-11-26', 'TEST', 'ΠΑΡΩΝ', 92, '', '2019-12-02 00:00:00', NULL),
(693, 20, 59, 3, 10, 28, '2019-11-08', 'TEST', 'ΠΑΡΩΝ', 82, '', '2019-12-10 00:00:00', NULL),
(694, 20, 59, 3, 10, 28, '2019-11-29', 'TEST', 'ΠΑΡΩΝ', 75, '', '2019-12-10 00:00:00', NULL),
(695, 20, 59, 3, 10, 28, '2019-12-08', 'ΔΙΑΓΩΝΙΣΜΑ', 'ΠΑΡΩΝ', 50, '', '2019-12-12 00:00:00', NULL),
(696, 18, 59, 8, 10, 28, '2019-02-01', 'ΔΙΑΓΩΝΙΣΜΑ', 'ΠΑΡΩΝ', 66, 'βιάζεται.απρόσεχτη', '2019-12-12 00:00:00', NULL),
(697, 18, 59, 8, 10, 28, '2019-11-19', 'ΕΡΓΑΣΙΑ', 'ΠΑΡΩΝ', 75, '', '2019-12-12 00:00:00', NULL),
(698, 13, 59, 4, 10, 28, '2019-12-17', 'TEST', 'ΠΑΡΩΝ', 68, '', '2020-01-09 00:00:00', NULL),
(699, 20, 59, 3, 10, 28, '2020-01-07', 'ΔΙΑΓΩΝΙΣΜΑ', 'ΠΑΡΩΝ', 56, '', '2020-01-30 00:00:00', NULL),
(700, 20, 59, 3, 10, 28, '2020-01-24', 'TEST', 'ΠΑΡΩΝ', 100, '', '2020-01-30 00:00:00', NULL),
(701, 13, 59, 4, 10, 28, '2020-01-19', 'ΔΙΑΓΩΝΙΣΜΑ', 'ΠΑΡΩΝ', 74, '', '2020-02-03 00:00:00', NULL),
(702, 13, 59, 4, 10, 28, '2020-01-21', 'TEST', 'ΠΑΡΩΝ', 89, '', '2020-02-03 00:00:00', NULL),
(703, 14, 59, 1, 10, 28, '2020-01-12', 'ΔΙΑΓΩΝΙΣΜΑ', 'ΠΑΡΩΝ', 70, '', '2020-02-04 00:00:00', NULL),
(704, 18, 59, 8, 10, 28, '2020-01-03', 'ΔΙΑΓΩΝΙΣΜΑ', 'ΠΑΡΩΝ', 85, '', '2020-02-06 00:00:00', NULL),
(705, 20, 59, 3, 10, 28, '2020-02-14', 'TEST', 'ΠΑΡΩΝ', 100, '', '2020-02-25 00:00:00', NULL),
(706, 20, 59, 3, 10, 28, '2020-01-31', 'TEST', 'ΠΑΡΩΝ', 98, '', '2020-02-25 00:00:00', NULL),
(707, 13, 59, 4, 10, 28, '2020-02-11', 'TEST', 'ΠΑΡΩΝ', 85, '', '2020-03-03 00:00:00', NULL),
(708, 18, 59, 8, 10, 28, '2020-02-16', 'ΔΙΑΓΩΝΙΣΜΑ', 'ΠΑΡΩΝ', 39, '', '2020-03-11 00:00:00', NULL),
(709, 18, 59, 8, 10, 28, '2020-02-04', 'TEST', 'ΠΑΡΩΝ', 95, '', '2020-03-11 00:00:00', NULL),
(710, 13, 59, 4, 10, 28, '2020-03-08', 'ΔΙΑΓΩΝΙΣΜΑ', 'ΠΑΡΩΝ', 71, '', '2020-04-05 00:00:00', NULL),
(711, 13, 59, 4, 10, 28, '2020-03-22', 'ΔΙΑΓΩΝΙΣΜΑ', 'ΠΑΡΩΝ', 77, '', '2020-04-20 00:00:00', NULL),
(712, 13, 59, 4, 10, 28, '2020-03-03', 'TEST', 'ΠΑΡΩΝ', 95, '', '2020-04-23 00:00:00', NULL),
(713, 1, 61, 25, 5, 13, '2019-10-18', 'TEST', 'ΑΠΩΝ', 0, '', '2019-10-19 00:00:00', NULL),
(714, 1, 61, 25, 5, 13, '2019-10-20', 'ΔΙΑΓΩΝΙΣΜΑ', 'ΑΠΩΝ', 0, '', '2019-10-22 00:00:00', NULL),
(715, 20, 61, 3, 5, 13, '2019-10-13', 'ΔΙΑΓΩΝΙΣΜΑ', 'ΠΑΡΩΝ', 87, '', '2019-10-30 00:00:00', NULL),
(716, 1, 61, 25, 5, 13, '2019-10-31', 'TEST', 'ΠΑΡΩΝ', 100, '', '2019-11-05 00:00:00', NULL),
(717, 14, 61, 1, 5, 13, '2019-10-06', 'ΔΙΑΓΩΝΙΣΜΑ', 'ΠΑΡΩΝ', 74, '', '2019-11-05 00:00:00', NULL),
(718, 13, 61, 4, 5, 13, '2019-11-03', 'ΔΙΑΓΩΝΙΣΜΑ', 'ΠΑΡΩΝ', 72, '', '2019-11-07 00:00:00', NULL),
(719, 13, 61, 4, 5, 13, '2019-10-25', 'TEST', 'ΠΑΡΩΝ', 100, '', '2019-11-07 00:00:00', NULL),
(720, 1, 61, 25, 5, 13, '2019-11-15', 'TEST', 'ΠΑΡΩΝ', 100, '', '2019-11-19 00:00:00', NULL),
(721, 13, 61, 4, 5, 13, '2019-11-22', 'TEST', 'ΠΑΡΩΝ', 92, '', '2019-12-02 00:00:00', NULL),
(722, 1, 61, 25, 5, 13, '2019-11-29', 'TEST', 'ΠΑΡΩΝ', 88, '', '2019-12-03 00:00:00', NULL),
(723, 1, 61, 25, 5, 13, '2019-12-01', 'ΔΙΑΓΩΝΙΣΜΑ', 'ΠΑΡΩΝ', 85, '', '2019-12-03 00:00:00', NULL),
(724, 1, 61, 25, 5, 13, '2019-12-03', 'ΕΡΓΑΣΙΑ', 'ΠΑΡΩΝ', 65, '', '2019-12-05 00:00:00', NULL),
(725, 20, 61, 3, 5, 13, '2019-11-08', 'TEST', 'ΠΑΡΩΝ', 100, '', '2019-12-11 00:00:00', NULL),
(726, 20, 61, 3, 5, 13, '2019-12-08', 'ΔΙΑΓΩΝΙΣΜΑ', 'ΠΑΡΩΝ', 62, '', '2019-12-12 00:00:00', NULL),
(727, 1, 61, 25, 5, 13, '2019-12-13', 'TEST', 'ΠΑΡΩΝ', 94, '', '2019-12-14 00:00:00', NULL),
(728, 1, 61, 25, 5, 13, '2020-01-03', 'ΔΙΑΓΩΝΙΣΜΑ', 'ΠΑΡΩΝ', 74, '', '2020-01-15 00:00:00', NULL),
(729, 1, 61, 25, 5, 13, '2020-01-10', 'TEST', 'ΠΑΡΩΝ', 90, '', '2020-01-15 00:00:00', NULL),
(730, 1, 61, 25, 5, 13, '2020-01-24', 'TEST', 'ΠΑΡΩΝ', 80, '', '2020-01-28 00:00:00', NULL),
(731, 20, 61, 3, 5, 13, '2020-01-07', 'ΔΙΑΓΩΝΙΣΜΑ', 'ΠΑΡΩΝ', 50, '', '2020-01-30 00:00:00', NULL),
(732, 13, 61, 4, 5, 13, '2019-12-20', 'TEST', 'ΠΑΡΩΝ', 91, '', '2020-02-03 00:00:00', NULL),
(733, 13, 61, 4, 5, 13, '2020-01-19', 'ΔΙΑΓΩΝΙΣΜΑ', 'ΠΑΡΩΝ', 84, '', '2020-02-03 00:00:00', NULL),
(734, 13, 61, 4, 5, 13, '2020-01-31', 'TEST', 'ΠΑΡΩΝ', 93, '', '2020-02-03 00:00:00', NULL),
(735, 14, 61, 1, 5, 13, '2020-01-12', 'ΔΙΑΓΩΝΙΣΜΑ', 'ΠΑΡΩΝ', 71, '', '2020-02-04 00:00:00', NULL),
(736, 18, 61, 8, 5, 13, '2020-01-03', 'ΔΙΑΓΩΝΙΣΜΑ', 'ΠΑΡΩΝ', 82, '', '2020-02-06 00:00:00', NULL),
(737, 1, 61, 25, 5, 13, '2020-02-07', 'TEST', 'ΠΑΡΩΝ', 92, '', '2020-02-08 00:00:00', NULL),
(738, 1, 61, 25, 5, 13, '2020-02-21', 'TEST', 'ΠΑΡΩΝ', 78, '', '2020-02-27 00:00:00', NULL),
(739, 13, 61, 4, 5, 13, '2020-03-22', 'ΔΙΑΓΩΝΙΣΜΑ', 'ΠΑΡΩΝ', 95, '', '2020-04-05 00:00:00', NULL),
(740, 13, 61, 4, 5, 13, '2020-02-28', 'TEST', 'ΠΑΡΩΝ', 63, '', '2020-04-05 00:00:00', NULL),
(741, 13, 62, 4, 3, 10, '2020-01-19', 'ΔΙΑΓΩΝΙΣΜΑ', 'ΠΑΡΩΝ', 83, '', '2020-02-03 00:00:00', NULL),
(742, 13, 62, 4, 3, 10, '2020-03-22', 'ΔΙΑΓΩΝΙΣΜΑ', 'ΠΑΡΩΝ', 86, '', '2020-04-05 00:00:00', NULL),
(743, 1, 63, 25, 5, 15, '2019-10-18', 'TEST', 'ΠΑΡΩΝ', 25, '', '2019-10-19 00:00:00', NULL),
(744, 1, 63, 25, 5, 15, '2019-10-20', 'ΔΙΑΓΩΝΙΣΜΑ', 'ΠΑΡΩΝ', 16, '', '2019-10-22 00:00:00', NULL),
(745, 1, 63, 25, 5, 15, '2019-10-31', 'TEST', 'ΠΑΡΩΝ', 35, '', '2019-11-05 00:00:00', NULL),
(746, 17, 63, 6, 5, 15, '2019-11-02', 'ΔΙΑΓΩΝΙΣΜΑ', 'ΠΑΡΩΝ', 40, '', '2019-11-08 00:00:00', NULL),
(747, 16, 63, 5, 5, 15, '2019-11-03', 'ΔΙΑΓΩΝΙΣΜΑ', 'ΑΠΩΝ', 0, '', '2019-11-09 00:00:00', NULL),
(748, 16, 63, 5, 5, 15, '2019-10-24', 'TEST', 'ΠΑΡΩΝ', 84, '', '2019-11-09 00:00:00', NULL),
(749, 1, 63, 25, 5, 15, '2019-11-15', 'TEST', 'ΠΑΡΩΝ', 52, '', '2019-11-19 00:00:00', NULL),
(750, 1, 63, 25, 5, 15, '2019-11-29', 'TEST', 'ΠΑΡΩΝ', 68, '', '2019-12-03 00:00:00', NULL),
(751, 1, 63, 25, 5, 15, '2019-12-01', 'ΔΙΑΓΩΝΙΣΜΑ', 'ΠΑΡΩΝ', 13, '', '2019-12-03 00:00:00', NULL),
(752, 1, 63, 25, 5, 15, '2019-12-03', 'ΕΡΓΑΣΙΑ', 'ΠΑΡΩΝ', 45, '', '2019-12-05 00:00:00', NULL),
(753, 1, 63, 25, 5, 15, '2019-12-13', 'TEST', 'ΠΑΡΩΝ', 81, '', '2019-12-14 00:00:00', NULL),
(754, 1, 63, 25, 5, 15, '2020-01-10', 'TEST', 'ΠΑΡΩΝ', 30, '', '2020-01-15 00:00:00', NULL),
(755, 1, 63, 25, 5, 15, '2020-01-24', 'TEST', 'ΑΠΩΝ', 0, '', '2020-01-28 00:00:00', NULL),
(756, 17, 63, 6, 5, 15, '2020-01-17', 'TEST', 'ΠΑΡΩΝ', 100, '', '2020-01-28 00:00:00', NULL),
(757, 14, 63, 1, 5, 15, '2020-01-12', 'ΔΙΑΓΩΝΙΣΜΑ', 'ΠΑΡΩΝ', 51, '', '2020-02-04 00:00:00', NULL),
(758, 16, 63, 5, 5, 15, '2020-01-19', 'ΔΙΑΓΩΝΙΣΜΑ', 'ΠΑΡΩΝ', 86, '', '2020-02-07 00:00:00', NULL),
(759, 16, 63, 5, 5, 15, '2020-01-31', 'TEST', 'ΠΑΡΩΝ', 80, '', '2020-02-07 00:00:00', NULL),
(760, 1, 63, 25, 5, 15, '2020-02-07', 'TEST', 'ΠΑΡΩΝ', 27, '', '2020-02-08 00:00:00', NULL),
(761, 15, 64, 10, 10, 26, '2019-11-03', 'ΔΙΑΓΩΝΙΣΜΑ', 'ΠΑΡΩΝ', 90, '', '2019-11-07 00:00:00', NULL),
(762, 14, 64, 1, 10, 26, '2020-01-12', 'ΔΙΑΓΩΝΙΣΜΑ', 'ΠΑΡΩΝ', 67, '', '2020-02-04 00:00:00', NULL),
(763, 15, 64, 7, 10, 26, '2019-12-01', 'ΔΙΑΓΩΝΙΣΜΑ', 'ΠΑΡΩΝ', 75, '', '2020-02-05 00:00:00', NULL),
(764, 15, 64, 7, 10, 26, '2020-01-03', 'ΔΙΑΓΩΝΙΣΜΑ', 'ΑΠΩΝ', 0, '', '2020-02-05 00:00:00', NULL),
(765, 15, 64, 11, 10, 26, '2019-12-08', 'ΔΙΑΓΩΝΙΣΜΑ', 'ΠΑΡΩΝ', 87, '', '2020-02-05 00:00:00', NULL),
(766, 15, 64, 11, 10, 26, '2020-01-19', 'ΔΙΑΓΩΝΙΣΜΑ', 'ΑΠΩΝ', 0, '', '2020-02-05 00:00:00', NULL),
(767, 15, 64, 10, 10, 26, '2020-01-07', 'ΔΙΑΓΩΝΙΣΜΑ', 'ΠΑΡΩΝ', 90, '', '2020-02-05 00:00:00', NULL),
(768, 1, 65, 25, 10, 27, '2019-10-31', 'TEST', 'ΠΑΡΩΝ', 55, '', '2019-11-05 00:00:00', NULL),
(769, 1, 65, 25, 10, 27, '2019-11-07', 'TEST', 'ΠΑΡΩΝ', 28, '', '2019-11-07 00:00:00', NULL),
(770, 17, 65, 6, 10, 27, '2019-11-01', 'TEST', 'ΠΑΡΩΝ', 100, '', '2019-11-08 00:00:00', NULL),
(771, 16, 65, 5, 10, 27, '2019-11-03', 'ΔΙΑΓΩΝΙΣΜΑ', 'ΠΑΡΩΝ', 89, '', '2019-11-09 00:00:00', NULL),
(772, 1, 65, 25, 10, 27, '2019-11-21', 'TEST', 'ΠΑΡΩΝ', 75, '', '2019-11-26 00:00:00', NULL),
(773, 1, 65, 25, 10, 27, '2019-11-28', 'TEST', 'ΠΑΡΩΝ', 74, '', '2019-11-30 00:00:00', NULL),
(774, 1, 65, 25, 10, 27, '2019-12-01', 'ΔΙΑΓΩΝΙΣΜΑ', 'ΠΑΡΩΝ', 37, '', '2019-12-03 00:00:00', NULL),
(775, 1, 65, 25, 10, 27, '2019-12-03', 'ΕΡΓΑΣΙΑ', 'ΠΑΡΩΝ', 50, '', '2019-12-05 00:00:00', NULL),
(776, 1, 65, 25, 10, 27, '2019-12-05', 'TEST', 'ΠΑΡΩΝ', 98, '', '2019-12-07 00:00:00', NULL),
(777, 17, 65, 6, 10, 27, '2019-11-16', 'TEST', 'ΠΑΡΩΝ', 95, '', '2019-12-07 00:00:00', NULL),
(778, 1, 65, 25, 10, 27, '2020-01-16', 'TEST', 'ΠΑΡΩΝ', 94, '', '2020-01-16 00:00:00', NULL),
(779, 1, 65, 25, 10, 27, '2020-01-03', 'ΔΙΑΓΩΝΙΣΜΑ', 'ΠΑΡΩΝ', 68, '', '2020-01-21 00:00:00', NULL),
(780, 1, 65, 25, 10, 27, '2020-01-23', 'TEST', 'ΠΑΡΩΝ', 69, '', '2020-01-28 00:00:00', NULL),
(781, 17, 65, 6, 10, 27, '2020-01-07', 'TEST', 'ΠΑΡΩΝ', 100, '', '2020-01-30 00:00:00', NULL),
(782, 17, 65, 6, 10, 27, '2020-01-07', 'ΔΙΑΓΩΝΙΣΜΑ', 'ΠΑΡΩΝ', 85, '', '2020-01-31 00:00:00', NULL),
(783, 14, 65, 1, 10, 27, '2020-01-12', 'ΔΙΑΓΩΝΙΣΜΑ', 'ΠΑΡΩΝ', 58, '', '2020-02-04 00:00:00', NULL),
(784, 1, 65, 25, 10, 27, '2020-01-30', 'TEST', 'ΠΑΡΩΝ', 81, '', '2020-02-06 00:00:00', NULL),
(785, 16, 65, 5, 10, 27, '2020-01-19', 'ΔΙΑΓΩΝΙΣΜΑ', 'ΠΑΡΩΝ', 84, '', '2020-02-07 00:00:00', NULL),
(786, 16, 65, 5, 10, 27, '2020-01-31', 'TEST', 'ΠΑΡΩΝ', 80, '', '2020-02-07 00:00:00', NULL),
(787, 15, 67, 1, 9, 6, '2020-01-07', 'ΔΙΑΓΩΝΙΣΜΑ', 'ΠΑΡΩΝ', 40, '', '2020-02-05 00:00:00', NULL),
(788, 15, 67, 1, 9, 6, '2020-02-02', 'ΔΙΑΓΩΝΙΣΜΑ', 'ΑΠΩΝ', 0, '', '2020-02-05 00:00:00', NULL),
(789, 14, 68, 1, 6, 5, '2020-01-12', 'ΔΙΑΓΩΝΙΣΜΑ', 'ΠΑΡΩΝ', 66, '', '2020-02-04 00:00:00', NULL),
(790, 15, 68, 7, 6, 5, '2019-12-01', 'ΔΙΑΓΩΝΙΣΜΑ', 'ΠΑΡΩΝ', 67, '', '2020-02-05 00:00:00', NULL),
(791, 15, 68, 7, 6, 5, '2020-01-03', 'ΔΙΑΓΩΝΙΣΜΑ', 'ΠΑΡΩΝ', 70, '', '2020-02-05 00:00:00', NULL),
(792, 15, 68, 16, 6, 5, '2019-11-03', 'ΔΙΑΓΩΝΙΣΜΑ', 'ΑΠΩΝ', 0, '', '2020-02-05 00:00:00', NULL),
(793, 15, 68, 16, 6, 5, '2020-01-07', 'ΔΙΑΓΩΝΙΣΜΑ', 'ΑΠΩΝ', 0, '', '2020-02-05 00:00:00', NULL),
(794, 15, 68, 11, 6, 5, '2019-12-08', 'ΔΙΑΓΩΝΙΣΜΑ', 'ΠΑΡΩΝ', 65, '', '2020-02-05 00:00:00', NULL),
(795, 15, 68, 11, 6, 5, '2020-01-19', 'ΔΙΑΓΩΝΙΣΜΑ', 'ΠΑΡΩΝ', 67, '', '2020-02-05 00:00:00', NULL),
(796, 14, 71, 1, 5, 16, '2020-01-07', 'ΔΙΑΓΩΝΙΣΜΑ', 'ΑΠΩΝ', 0, '', '2020-02-04 00:00:00', NULL),
(797, 13, 72, 4, 10, 28, '2020-02-11', 'TEST', 'ΑΠΩΝ', 0, '', '2020-03-03 00:00:00', NULL),
(798, 13, 72, 4, 10, 28, '2020-03-08', 'ΔΙΑΓΩΝΙΣΜΑ', 'ΑΠΩΝ', 0, '', '2020-04-05 00:00:00', NULL);

-- --------------------------------------------------------

--
-- Δομή πίνακα για τον πίνακα `grades_20_21_ther`
--

DROP TABLE IF EXISTS `grades_20_21_ther`;
CREATE TABLE IF NOT EXISTS `grades_20_21_ther` (
  `id` int(11) NOT NULL AUTO_INCREMENT,
  `user_id` int(11) DEFAULT NULL,
  `student_id` int(11) DEFAULT NULL,
  `lesson_id` int(11) DEFAULT NULL,
  `taksi` int(11) DEFAULT NULL,
  `tmima` int(3) NOT NULL,
  `exam_date` date DEFAULT NULL,
  `exam_kind` varchar(15) DEFAULT NULL,
  `absence` varchar(10) DEFAULT NULL,
  `grade` int(4) DEFAULT NULL,
  `comments` varchar(300) DEFAULT NULL,
  `created_at` datetime DEFAULT NULL,
  `updated_at` datetime DEFAULT NULL,
  PRIMARY KEY (`id`),
  KEY `teacher_id` (`user_id`),
  KEY `student_id` (`student_id`),
  KEY `lesson_id` (`lesson_id`),
  KEY `tmima` (`tmima`),
  KEY `link_taksi_id_20_21_ther` (`taksi`)
) ENGINE=InnoDB AUTO_INCREMENT=30 DEFAULT CHARSET=utf8;

--
-- Άδειασμα δεδομένων του πίνακα `grades_20_21_ther`
--

INSERT INTO `grades_20_21_ther` (`id`, `user_id`, `student_id`, `lesson_id`, `taksi`, `tmima`, `exam_date`, `exam_kind`, `absence`, `grade`, `comments`, `created_at`, `updated_at`) VALUES
(1, 1, 4, 25, 6, 32, '2020-06-22', 'TEST', 'ΠΑΡΩΝ', 65, '', '2020-06-29 00:00:00', NULL),
(2, 1, 4, 25, 6, 32, '2020-06-29', 'TEST', 'ΠΑΡΩΝ', 56, '', '2020-07-01 00:00:00', NULL),
(3, 1, 5, 25, 6, 30, '2020-06-22', 'TEST', 'ΠΑΡΩΝ', 90, '', '2020-06-29 00:00:00', NULL),
(4, 1, 6, 25, 6, 31, '2020-06-22', 'TEST', 'ΠΑΡΩΝ', 85, '', '2020-06-29 00:00:00', NULL),
(5, 1, 6, 25, 6, 31, '2020-06-29', 'TEST', 'ΠΑΡΩΝ', 46, '', '2020-06-30 00:00:00', NULL),
(6, 1, 7, 25, 6, 32, '2020-06-22', 'TEST', 'ΑΠΩΝ', 0, '', '2020-06-29 00:00:00', NULL),
(7, 1, 7, 25, 6, 32, '2020-06-29', 'TEST', 'ΠΑΡΩΝ', 32, '', '2020-07-01 00:00:00', NULL),
(8, 1, 8, 25, 6, 32, '2020-06-22', 'TEST', 'ΠΑΡΩΝ', 30, '', '2020-06-29 00:00:00', NULL),
(9, 1, 8, 25, 6, 32, '2020-06-29', 'TEST', 'ΠΑΡΩΝ', 42, '', '2020-07-01 00:00:00', NULL),
(10, 1, 10, 25, 6, 3, '2020-06-22', 'TEST', 'ΠΑΡΩΝ', 65, '', '2020-06-29 00:00:00', NULL),
(11, 1, 10, 25, 6, 3, '2020-06-29', 'TEST', 'ΠΑΡΩΝ', 37, '', '2020-07-01 00:00:00', NULL),
(12, 1, 11, 25, 6, 3, '2020-06-22', 'TEST', 'ΠΑΡΩΝ', 40, '', '2020-06-29 00:00:00', NULL),
(13, 1, 11, 25, 6, 3, '2020-06-29', 'TEST', 'ΠΑΡΩΝ', 34, '', '2020-07-01 00:00:00', NULL),
(14, 1, 12, 25, 6, 30, '2020-06-22', 'TEST', 'ΠΑΡΩΝ', 70, '', '2020-06-29 00:00:00', NULL),
(15, 1, 12, 25, 6, 30, '2020-06-29', 'TEST', 'ΠΑΡΩΝ', 85, '', '2020-07-09 00:00:00', NULL),
(16, 1, 13, 25, 6, 31, '2020-06-22', 'TEST', 'ΠΑΡΩΝ', 25, '', '2020-06-29 00:00:00', NULL),
(17, 1, 13, 25, 6, 31, '2020-06-29', 'TEST', 'ΠΑΡΩΝ', 5, '', '2020-07-01 00:00:00', NULL),
(18, 1, 14, 25, 6, 31, '2020-06-22', 'TEST', 'ΠΑΡΩΝ', 40, '', '2020-06-29 00:00:00', NULL),
(19, 1, 14, 25, 6, 31, '2020-06-29', 'TEST', 'ΠΑΡΩΝ', 57, '', '2020-07-01 00:00:00', NULL),
(20, 1, 16, 25, 6, 3, '2020-06-22', 'TEST', 'ΠΑΡΩΝ', 100, '', '2020-06-29 00:00:00', NULL),
(21, 1, 16, 25, 6, 3, '2020-06-29', 'TEST', 'ΠΑΡΩΝ', 66, '', '2020-07-01 00:00:00', NULL),
(22, 1, 17, 25, 6, 31, '2020-06-22', 'TEST', 'ΠΑΡΩΝ', 75, '', '2020-06-29 00:00:00', NULL),
(23, 1, 17, 25, 6, 31, '2020-06-29', 'TEST', 'ΠΑΡΩΝ', 50, '', '2020-07-01 00:00:00', NULL),
(24, 1, 18, 25, 6, 3, '2020-06-22', 'TEST', 'ΠΑΡΩΝ', 75, '', '2020-06-29 00:00:00', NULL),
(25, 1, 18, 25, 6, 3, '2020-06-29', 'TEST', 'ΠΑΡΩΝ', 28, '', '2020-07-01 00:00:00', NULL),
(26, 1, 19, 25, 6, 31, '2020-06-22', 'TEST', 'ΠΑΡΩΝ', 40, '', '2020-06-29 00:00:00', NULL),
(27, 1, 19, 25, 6, 31, '2020-06-29', 'TEST', 'ΠΑΡΩΝ', 41, '', '2020-06-30 00:00:00', NULL),
(28, 1, 23, 25, 6, 3, '2020-06-22', 'TEST', 'ΠΑΡΩΝ', 100, '', '2020-06-29 00:00:00', NULL),
(29, 1, 23, 25, 6, 3, '2020-06-29', 'TEST', 'ΠΑΡΩΝ', 42, '', '2020-07-01 00:00:00', NULL);

-- --------------------------------------------------------

--
-- Δομή πίνακα για τον πίνακα `lessons_19_20_xeim`
--

DROP TABLE IF EXISTS `lessons_19_20_xeim`;
CREATE TABLE IF NOT EXISTS `lessons_19_20_xeim` (
  `id` int(11) NOT NULL AUTO_INCREMENT,
  `name` varchar(40) DEFAULT NULL,
  `description` varchar(10) DEFAULT NULL,
  `created_at` datetime DEFAULT NULL,
  `updated_at` datetime DEFAULT NULL,
  PRIMARY KEY (`id`),
  UNIQUE KEY `description` (`description`)
) ENGINE=InnoDB AUTO_INCREMENT=27 DEFAULT CHARSET=utf8;

--
-- Άδειασμα δεδομένων του πίνακα `lessons_19_20_xeim`
--

INSERT INTO `lessons_19_20_xeim` (`id`, `name`, `description`, `created_at`, `updated_at`) VALUES
(1, 'Έκθεση', 'εκθ', '2019-11-01 13:00:00', '2019-11-01 13:00:00'),
(2, 'Μαθηματικά ΓΠ', 'μαθ γπ', '2019-11-01 13:00:00', '2019-11-01 13:00:00'),
(3, 'Φυσική', 'φυσ', '2019-11-01 13:00:00', '2019-11-01 13:00:00'),
(4, 'Χημεία', 'χημ', '2019-11-01 13:00:00', '2019-11-01 13:00:00'),
(5, 'ΑΟΘ', 'αοθ', '2019-11-01 13:00:00', '2019-11-01 13:00:00'),
(6, 'ΑΕΠΠ', 'αεππ', '2019-11-01 13:00:00', '2019-11-01 13:00:00'),
(7, 'Αρχαία', 'αρχ', '2019-11-01 13:00:00', '2019-11-01 13:00:00'),
(8, 'Βιολογία ΟΠ', 'βιο οπ', '2019-11-01 13:00:00', '2019-11-01 13:00:00'),
(9, 'Βιολογια ΓΠ', 'βιο γπ', '2019-11-01 13:00:00', '2019-11-01 13:00:00'),
(10, 'Λατινικά', 'λατ', '2019-11-01 13:00:00', '2019-11-01 13:00:00'),
(11, 'Ιστορία', 'ιστ', '2019-11-01 13:00:00', '2019-11-01 13:00:00'),
(12, 'Ελληνικά', 'ελλ', '2019-11-01 13:00:00', '2019-11-01 13:00:00'),
(13, 'Ειδικότητα 1', 'ειδ1', '2019-11-01 13:00:00', '2019-11-01 13:00:00'),
(14, 'Ειδικότητα 2', 'ειδ2', '2019-11-01 13:00:00', '2019-11-01 13:00:00'),
(16, 'Κοιν/για', 'κοιν', '2019-11-01 13:00:00', '2019-11-01 13:00:00'),
(17, 'Ιστορία Τέχνης', 'ιτεχν', '2019-11-01 13:00:00', '2019-11-01 13:00:00'),
(18, 'Τεχνολογία Υλικών', 'τυλ', '2019-11-01 13:00:00', '2019-11-01 13:00:00'),
(19, 'Ηλεκτροτεχνία', 'ηλεκ', '2019-11-01 13:00:00', '2019-11-01 13:00:00'),
(20, 'Ηλεκτρικές Μηχανές', 'ηλμηχ', '2019-11-01 13:00:00', '2019-11-01 13:00:00'),
(21, 'Ανατομία', 'ανα', '2019-11-01 13:00:00', '2019-11-01 13:00:00'),
(22, 'Υγιεινή', 'υγ', '2019-11-01 13:00:00', '2019-11-01 13:00:00'),
(23, 'Προγραμματισμός', 'προγρ', '2019-11-01 13:00:00', '2019-11-01 13:00:00'),
(24, 'Δίκτυα', 'δικτ', '2019-11-01 13:00:00', '2019-11-01 13:00:00'),
(25, 'Μαθηματικά ΟΠ', 'μαθ οπ', '2019-11-01 13:00:00', '2019-11-01 13:00:00'),
(26, 'Test Lesson', 'testLess', '2019-12-08 18:35:20', '2020-06-25 14:03:51');

-- --------------------------------------------------------

--
-- Δομή πίνακα για τον πίνακα `lessons_20_21_ther`
--

DROP TABLE IF EXISTS `lessons_20_21_ther`;
CREATE TABLE IF NOT EXISTS `lessons_20_21_ther` (
  `id` int(11) NOT NULL AUTO_INCREMENT,
  `name` varchar(40) DEFAULT NULL,
  `description` varchar(10) DEFAULT NULL,
  `created_at` datetime DEFAULT NULL,
  `updated_at` datetime DEFAULT NULL,
  PRIMARY KEY (`id`),
  UNIQUE KEY `description` (`description`)
) ENGINE=InnoDB AUTO_INCREMENT=27 DEFAULT CHARSET=utf8;

--
-- Άδειασμα δεδομένων του πίνακα `lessons_20_21_ther`
--

INSERT INTO `lessons_20_21_ther` (`id`, `name`, `description`, `created_at`, `updated_at`) VALUES
(1, 'Έκθεση', 'εκθ', '2019-11-01 13:00:00', '2019-11-01 13:00:00'),
(2, 'Μαθηματικά ΓΠ', 'μαθ γπ', '2019-11-01 13:00:00', '2019-11-01 13:00:00'),
(3, 'Φυσική', 'φυσ', '2019-11-01 13:00:00', '2019-11-01 13:00:00'),
(4, 'Χημεία', 'χημ', '2019-11-01 13:00:00', '2019-11-01 13:00:00'),
(5, 'ΑΟΘ', 'αοθ', '2019-11-01 13:00:00', '2019-11-01 13:00:00'),
(6, 'ΑΕΠΠ', 'αεππ', '2019-11-01 13:00:00', '2019-11-01 13:00:00'),
(7, 'Αρχαία', 'αρχ', '2019-11-01 13:00:00', '2019-11-01 13:00:00'),
(8, 'Βιολογία ΟΠ', 'βιο οπ', '2019-11-01 13:00:00', '2019-11-01 13:00:00'),
(9, 'Βιολογια ΓΠ', 'βιο γπ', '2019-11-01 13:00:00', '2019-11-01 13:00:00'),
(10, 'Λατινικά', 'λατ', '2019-11-01 13:00:00', '2019-11-01 13:00:00'),
(11, 'Ιστορία', 'ιστ', '2019-11-01 13:00:00', '2019-11-01 13:00:00'),
(12, 'Ελληνικά', 'ελλ', '2019-11-01 13:00:00', '2019-11-01 13:00:00'),
(13, 'Ειδικότητα 1', 'ειδ1', '2019-11-01 13:00:00', '2019-11-01 13:00:00'),
(14, 'Ειδικότητα 2', 'ειδ2', '2019-11-01 13:00:00', '2019-11-01 13:00:00'),
(16, 'Κοιν/για', 'κοιν', '2019-11-01 13:00:00', '2019-11-01 13:00:00'),
(17, 'Ιστορία Τέχνης', 'ιτεχν', '2019-11-01 13:00:00', '2019-11-01 13:00:00'),
(18, 'Τεχνολογία Υλικών', 'τυλ', '2019-11-01 13:00:00', '2019-11-01 13:00:00'),
(19, 'Ηλεκτροτεχνία', 'ηλεκ', '2019-11-01 13:00:00', '2019-11-01 13:00:00'),
(20, 'Ηλεκτρικές Μηχανές', 'ηλμηχ', '2019-11-01 13:00:00', '2019-11-01 13:00:00'),
(21, 'Ανατομία', 'ανα', '2019-11-01 13:00:00', '2019-11-01 13:00:00'),
(22, 'Υγιεινή', 'υγ', '2019-11-01 13:00:00', '2019-11-01 13:00:00'),
(23, 'Προγραμματισμός', 'προγρ', '2019-11-01 13:00:00', '2019-11-01 13:00:00'),
(24, 'Δίκτυα', 'δικτ', '2019-11-01 13:00:00', '2019-11-01 13:00:00'),
(25, 'Μαθηματικά ΟΠ', 'μαθ οπ', '2019-11-01 13:00:00', '2019-11-01 13:00:00'),
(26, 'Test Lesson', 'testLess', '2019-12-08 18:35:20', '2020-06-25 14:03:51');

-- --------------------------------------------------------

--
-- Δομή πίνακα για τον πίνακα `register`
--

DROP TABLE IF EXISTS `register`;
CREATE TABLE IF NOT EXISTS `register` (
  `id` int(11) NOT NULL AUTO_INCREMENT,
  `email` varchar(150) NOT NULL,
  `username` varchar(100) NOT NULL,
  `permission` varchar(40) NOT NULL,
  `status` tinyint(1) NOT NULL,
  `password` varchar(150) NOT NULL,
  `last_activity_date` datetime DEFAULT NULL,
  `date_submitted` date NOT NULL,
  PRIMARY KEY (`id`),
  UNIQUE KEY `email` (`email`),
  UNIQUE KEY `username` (`username`)
) ENGINE=InnoDB AUTO_INCREMENT=24 DEFAULT CHARSET=utf8;

--
-- Άδειασμα δεδομένων του πίνακα `register`
--

INSERT INTO `register` (`id`, `email`, `username`, `permission`, `status`, `password`, `last_activity_date`, `date_submitted`) VALUES
(1, 'iliaslaskaris1@gmail.com', 'i_laskaris', 'Administrator', 1, '$2y$10$tMw3NpfP/15fmD4DZK40K.hvhXZ3GIHDG5VK1.WImXiJbWW1sxXJu', '2020-07-28 13:31:09', '2019-10-31'),
(7, 'kostis.laskaris1@gmail.com', 'k_laskaris', 'Administrator', 1, '$2y$10$/jzT62nERrF9GZe2JbKl4uXB5NDKAhZANYjF5W79.Lby7mlEgxh1y', '2020-08-14 18:44:31', '2019-10-29'),
(13, 'vordoni@yahoo.gr', 'g_vordoni', 'Teacher', 1, '$2y$10$hbUVIORdhiuc6xM/bWZnU.BRjBD9p5BxMSCQACxzRGwwyPwe8XN2q', '2020-08-14 14:10:08', '2019-10-31'),
(14, 'mkamaratou@hotmail.com', 'm_kamaratou', 'Teacher', 1, '$2y$10$nV1w7iu0hR82BcW1.A1XleNRYh58EttEqaSZFCwBhbxeVO6ZL09pG', NULL, '2019-11-05'),
(15, 'ritaki195@gmail.com', 'r_roussa', 'Teacher', 1, '$2y$10$pMooMesAthUlceuG9oCiSOiCrii/gO.k9FM7s7OhLCQq8kD/5haE6', '2020-08-14 18:41:46', '2019-11-05'),
(16, 'rigyiannis@yahoo.gr', 'i_riganas', 'Teacher', 1, '$2y$10$7Ife4RuIKgAYZ1uMPlZe1O/kMcDFt39dQxcI3iJj.Hpmwo8oy6EYC', NULL, '2019-11-05'),
(17, 'dstavridis@gmail.com', 'd_stavridis', 'Teacher', 1, '$2y$10$4WNXToImgha8x9NZ2ck4hum.NsaaQUhbndkjjo83JoAQAU.QrLDF6', NULL, '2019-11-05'),
(18, 'gpatsourakou@gmail.com', 'g_patsourakou', 'Teacher', 1, '$2y$10$GVQrVx/yzAxDaJlbrwVJ/OtXlukRY1S5HnW3HyXZ4vYpUZII2SwM6', NULL, '2019-11-05'),
(19, 'zkaterina22@yahoo.gr', 'k_zerva', 'Teacher', 1, '$2y$10$TXvQhfDPDDWlYuAw6wpNV.VCSlgZyD/joGfEQcC2ugmGf7pcBIvyG', NULL, '2019-11-05'),
(20, 'athararvanitis@gmail.com', 'a_arvanitis', 'Teacher', 1, '$2y$10$o5RIJd5VegaGQEjh5uZbQuy2CtSs/5Y2B9MDMQd/dE7sSqtvq/MRS', '2020-08-06 15:44:00', '2019-11-05'),
(23, 'onoma@epitheto.com', 'test', 'Teacher', 1, '$2y$10$jbnJ5CTrdNvgYbNEg85WhegTeocz3DLVJVczGjk0jXTLRgsOCwllG', '2020-08-07 11:24:21', '2020-02-04');

-- --------------------------------------------------------

--
-- Δομή πίνακα για τον πίνακα `shortcuts_19_20_xeim`
--

DROP TABLE IF EXISTS `shortcuts_19_20_xeim`;
CREATE TABLE IF NOT EXISTS `shortcuts_19_20_xeim` (
  `id` int(11) NOT NULL AUTO_INCREMENT,
  `name` varchar(30) NOT NULL,
  `created_at` datetime NOT NULL,
  `updated_at` datetime NOT NULL,
  PRIMARY KEY (`id`)
) ENGINE=InnoDB AUTO_INCREMENT=14 DEFAULT CHARSET=utf8;

--
-- Άδειασμα δεδομένων του πίνακα `shortcuts_19_20_xeim`
--

INSERT INTO `shortcuts_19_20_xeim` (`id`, `name`, `created_at`, `updated_at`) VALUES
(1, 'Ανθρ', '2019-11-04 15:38:53', '2019-11-04 15:38:53'),
(2, 'Θετ', '2019-11-04 16:12:16', '2019-11-04 16:12:16'),
(4, 'Υγ', '2019-11-04 16:09:13', '2019-11-05 16:46:24'),
(6, 'Οικ - Πληρ', '2019-11-05 16:38:00', '2019-11-05 16:44:43'),
(7, 'Α Λυκ', '2019-11-05 16:45:07', '2019-11-05 16:45:07'),
(8, 'Β-Γ Γυμν', '2019-11-05 16:45:28', '2019-11-05 16:45:28'),
(9, 'Α Γυμν', '2019-11-05 16:45:48', '2020-02-13 12:48:43'),
(10, 'ΕΠΑΛ', '2019-11-05 16:45:59', '2019-11-05 16:45:59'),
(12, 'Τεστ Συντόμευση', '2019-12-07 11:04:10', '2019-12-07 11:04:16'),
(13, 'Test Shortcut', '2020-02-12 16:03:09', '2020-02-13 12:38:16');

-- --------------------------------------------------------

--
-- Δομή πίνακα για τον πίνακα `shortcuts_20_21_ther`
--

DROP TABLE IF EXISTS `shortcuts_20_21_ther`;
CREATE TABLE IF NOT EXISTS `shortcuts_20_21_ther` (
  `id` int(11) NOT NULL AUTO_INCREMENT,
  `name` varchar(30) NOT NULL,
  `created_at` datetime NOT NULL,
  `updated_at` datetime NOT NULL,
  PRIMARY KEY (`id`)
) ENGINE=InnoDB AUTO_INCREMENT=14 DEFAULT CHARSET=utf8;

--
-- Άδειασμα δεδομένων του πίνακα `shortcuts_20_21_ther`
--

INSERT INTO `shortcuts_20_21_ther` (`id`, `name`, `created_at`, `updated_at`) VALUES
(1, 'Ανθρ', '2019-11-04 15:38:53', '2019-11-04 15:38:53'),
(2, 'Θετ', '2019-11-04 16:12:16', '2019-11-04 16:12:16'),
(4, 'Υγ', '2019-11-04 16:09:13', '2019-11-05 16:46:24'),
(6, 'Οικ - Πληρ', '2019-11-05 16:38:00', '2019-11-05 16:44:43'),
(7, 'Α Λυκ', '2019-11-05 16:45:07', '2019-11-05 16:45:07'),
(8, 'Β-Γ Γυμν', '2019-11-05 16:45:28', '2019-11-05 16:45:28'),
(9, 'Α Γυμν', '2019-11-05 16:45:48', '2020-02-13 12:48:43'),
(10, 'ΕΠΑΛ', '2019-11-05 16:45:59', '2019-11-05 16:45:59'),
(12, 'Τεστ Συντόμευση', '2019-12-07 11:04:10', '2019-12-07 11:04:16'),
(13, 'Test Shortcut', '2020-02-12 16:03:09', '2020-02-13 12:38:16');

-- --------------------------------------------------------

--
-- Δομή πίνακα για τον πίνακα `shortcut_lessons_19_20_xeim`
--

DROP TABLE IF EXISTS `shortcut_lessons_19_20_xeim`;
CREATE TABLE IF NOT EXISTS `shortcut_lessons_19_20_xeim` (
  `id` int(11) NOT NULL AUTO_INCREMENT,
  `shortcut_id` int(11) NOT NULL,
  `lesson_id` int(11) NOT NULL,
  PRIMARY KEY (`id`),
  KEY `lesson_id` (`lesson_id`),
  KEY `shortcut_id` (`shortcut_id`)
) ENGINE=InnoDB AUTO_INCREMENT=742 DEFAULT CHARSET=utf8;

--
-- Άδειασμα δεδομένων του πίνακα `shortcut_lessons_19_20_xeim`
--

INSERT INTO `shortcut_lessons_19_20_xeim` (`id`, `shortcut_id`, `lesson_id`) VALUES
(1, 1, 7),
(2, 1, 1),
(3, 1, 11),
(4, 1, 16),
(5, 2, 1),
(6, 2, 25),
(7, 2, 3),
(8, 2, 4),
(60, 6, 6),
(61, 6, 5),
(62, 6, 1),
(63, 6, 25),
(64, 7, 1),
(65, 7, 2),
(66, 8, 12),
(67, 8, 2),
(68, 8, 3),
(69, 8, 4),
(75, 10, 1),
(76, 10, 2),
(77, 4, 8),
(78, 4, 1),
(79, 4, 3),
(80, 4, 4),
(105, 12, 6),
(106, 12, 24),
(107, 12, 23),
(528, 13, 26),
(529, 13, 6),
(530, 13, 7),
(531, 13, 9),
(532, 13, 14),
(533, 13, 19),
(737, 9, 7),
(738, 9, 1),
(739, 9, 2),
(740, 9, 3),
(741, 9, 4);

-- --------------------------------------------------------

--
-- Δομή πίνακα για τον πίνακα `shortcut_lessons_20_21_ther`
--

DROP TABLE IF EXISTS `shortcut_lessons_20_21_ther`;
CREATE TABLE IF NOT EXISTS `shortcut_lessons_20_21_ther` (
  `id` int(11) NOT NULL AUTO_INCREMENT,
  `shortcut_id` int(11) NOT NULL,
  `lesson_id` int(11) NOT NULL,
  PRIMARY KEY (`id`),
  KEY `lesson_id` (`lesson_id`),
  KEY `shortcut_id` (`shortcut_id`)
) ENGINE=InnoDB AUTO_INCREMENT=742 DEFAULT CHARSET=utf8;

--
-- Άδειασμα δεδομένων του πίνακα `shortcut_lessons_20_21_ther`
--

INSERT INTO `shortcut_lessons_20_21_ther` (`id`, `shortcut_id`, `lesson_id`) VALUES
(1, 1, 7),
(2, 1, 1),
(3, 1, 11),
(4, 1, 16),
(5, 2, 1),
(6, 2, 25),
(7, 2, 3),
(8, 2, 4),
(60, 6, 6),
(61, 6, 5),
(62, 6, 1),
(63, 6, 25),
(64, 7, 1),
(65, 7, 2),
(66, 8, 12),
(67, 8, 2),
(68, 8, 3),
(69, 8, 4),
(75, 10, 1),
(76, 10, 2),
(77, 4, 8),
(78, 4, 1),
(79, 4, 3),
(80, 4, 4),
(105, 12, 6),
(106, 12, 24),
(107, 12, 23),
(528, 13, 26),
(529, 13, 6),
(530, 13, 7),
(531, 13, 9),
(532, 13, 14),
(533, 13, 19),
(737, 9, 7),
(738, 9, 1),
(739, 9, 2),
(740, 9, 3),
(741, 9, 4);

-- --------------------------------------------------------

--
-- Δομή πίνακα για τον πίνακα `students_19_20_xeim`
--

DROP TABLE IF EXISTS `students_19_20_xeim`;
CREATE TABLE IF NOT EXISTS `students_19_20_xeim` (
  `id` int(5) NOT NULL AUTO_INCREMENT,
  `firstname` varchar(50) DEFAULT NULL,
  `lastname` varchar(50) DEFAULT NULL,
  `mobile` varchar(10) DEFAULT NULL,
  `address` varchar(200) DEFAULT NULL,
  `perioxi` varchar(100) DEFAULT NULL,
  `zip` varchar(5) DEFAULT NULL,
  `email` varchar(200) DEFAULT NULL,
  `fphone` varchar(22) DEFAULT NULL,
  `mphone` varchar(22) DEFAULT NULL,
  `class` int(11) DEFAULT NULL,
  `phone` varchar(10) DEFAULT NULL,
  `mname` varchar(50) DEFAULT NULL,
  `faname` varchar(50) DEFAULT NULL,
  `kid_name` varchar(100) DEFAULT NULL,
  `kid_phone` varchar(22) DEFAULT NULL,
  `fee` varchar(5) DEFAULT NULL,
  `periodos` varchar(25) DEFAULT NULL,
  `sx_etos` varchar(15) DEFAULT NULL,
  `tmima` int(11) DEFAULT NULL,
  `email_kidemona` varchar(150) DEFAULT NULL,
  `informed_by` int(11) DEFAULT NULL,
  `date_eggrafis` date DEFAULT NULL,
  `created_at` datetime DEFAULT CURRENT_TIMESTAMP,
  `updated_at` datetime DEFAULT NULL ON UPDATE CURRENT_TIMESTAMP,
  PRIMARY KEY (`id`),
  KEY `tmima` (`tmima`),
  KEY `link_taksi_student_id_19_20_xeim` (`class`),
  KEY `link_informed_by_id_19_20_xeim` (`informed_by`)
) ENGINE=InnoDB AUTO_INCREMENT=74 DEFAULT CHARSET=utf8;

--
-- Άδειασμα δεδομένων του πίνακα `students_19_20_xeim`
--

INSERT INTO `students_19_20_xeim` (`id`, `firstname`, `lastname`, `mobile`, `address`, `perioxi`, `zip`, `email`, `fphone`, `mphone`, `class`, `phone`, `mname`, `faname`, `kid_name`, `kid_phone`, `fee`, `periodos`, `sx_etos`, `tmima`, `email_kidemona`, `informed_by`, `date_eggrafis`, `created_at`, `updated_at`) VALUES
(2, 'Αθανασία', 'Θεοφανίδη', '6955118766', 'Δυοβουνιώτου 8', 'Αιγάλεω', '12244', '', '6977429966', '6973849840', 2, '2130344446', 'Ελευθερία', 'Ιωάννης', '', '', '', 'Χειμερινή', '2019-2020', 9, '', NULL, '2019-08-27', '2020-08-14 18:13:15', NULL),
(3, 'Σπύρος', 'Μπακάλμπασης', '6970633028', 'Κιλικίας 15', 'Αιγάλεω', '12241', '', '6977969584', '6977968189', 6, '2105442287', 'Σπυριδούλα', 'Ηλίας', '', '', '', 'Χειμερινή', '2019-2020', 3, '', NULL, '2019-08-28', '2020-08-14 18:13:15', NULL),
(4, 'Αντώνης', 'Τραπεζόντας', '6909129106', 'Επαμεινώνδα 3', 'Αιγάλεω', '12244', 'atrapezontas@gmail.com', '6939087736', '6976583207', 9, '2105620643', 'Αναστασία', 'Ανδρέας', '', '', '', 'Χειμερινή', '2019-2020', 6, '', NULL, '2019-08-29', '2020-08-14 18:13:16', NULL),
(5, 'Γιώργος', 'Καραθανάσης', '6980399764', 'Αλατσάτων 9', 'Αιγάλεω', '12241', 'mairy-vasilis-george@hotmail.com', '6976255168', '6974434054', 4, '2105614770', 'Μαρία Χριστοφίλου', 'Βασίλης', '', '', '', 'Χειμερινή', '2019-2020', 11, '', NULL, '2019-08-29', '2020-08-14 18:13:16', NULL),
(6, 'Κωνσταντίνος', 'Φρυγανάς', '6996926011', 'Μεσσήνης', 'Αιγάλεω', '12241', 'aqwkon@gmail.com', '', '6996926041', 6, '2105618329', 'Όλγα', 'Αλέξανδρος', '', '', '', 'Χειμερινή', '2019-2020', 3, '', NULL, '2019-08-29', '2020-08-14 18:13:16', NULL),
(7, 'Σύλβια', 'Ντράγκοτι', '6974763794', 'Βεάκη 18', 'Αιγάλεω', '12244', 'sylvia.dragoti@hotmail.com', '6937509431', '6946362880', 6, '2114010364', 'Μαρία', 'Βύρωνας', '', '', '', 'Χειμερινή', '2019-2020', 3, '', NULL, '2019-08-30', '2020-08-14 18:13:17', NULL),
(8, 'Κλειώ', 'Ξυδού', '6976756433', 'Ιερολοχιτών 77', 'Αιγάλεω', '12244', '', '6972854246', '6945434830', 6, '2105449233', 'Νάντια', 'Αντώνης', '', '', '', 'Χειμερινή', '2019-2020', 7, '', NULL, '2019-08-30', '2020-08-14 18:13:18', NULL),
(9, 'Αναστασία', 'Σπανού', '6951715634', 'Αναπαύσεως 24', 'Περιστέρι', '12135', 'anastaspanou@gmail.com', '6947691599', '6948111003', 6, '2105740745', 'Ανδρομάχη Πάλλα', 'Ρίζος', '', '', '', 'Χειμερινή', '2019-2020', 5, 'maggipalla@gmail.com', NULL, '2019-08-30', '2020-08-14 18:13:18', NULL),
(10, 'Νικολέττα', 'Μπεκάκου', '6987147311', 'Ρεθύμνης 25', 'Αιγάλεω', '12244', 'nikol2001.greece@gmail.com', '', '6981001815', 9, '2105312709', 'Πηνελόπη', 'Ιωάννης', '', '', '', 'Χειμερινή', '2019-2020', 6, '', NULL, '2019-08-30', '2020-08-14 18:13:19', NULL),
(11, 'Αρετή Ελένη', 'Κανακάλη', '6909134601', 'Ιωαννίνων 64', 'Χαϊδάρι', '12461', 'aekanakali@gmail.com', '6944199489', '6972079643', 6, '2105815265', 'Μίνα Μόρφα', 'Νικόλαος', '', '', '', 'Χειμερινή', '2019-2020', 5, '', NULL, '2019-08-30', '2020-08-14 18:13:19', NULL),
(12, 'Γιάννης', 'Γλεντζές', '6971882955', 'Λογοθέτου 9', 'Αιγάλεω', '12244', 'aeroporia2015@gmail.com', '6945460693', '6983521885', 9, '2105986251', '', '', '', '', '', 'Χειμερινή', '2019-2020', 6, '', NULL, '2019-08-30', '2020-08-14 18:13:20', NULL),
(13, 'Άγγελος', 'Καλογερόπουλος', '6975958830', 'Γοργοποτάμου 28', 'Αιγάλεω', '12243', 'giannys473@gmail.com', '', '6976235773', 6, '2105987710', 'Ελένη Καρανικόλα', 'Δημήτρης', '', '', '', 'Χειμερινή', '2019-2020', 5, '', NULL, '2019-08-30', '2020-08-14 18:13:20', NULL),
(14, 'Νίκος', 'Μπέτσες', '6980868090', 'Μίμη Φωτοπούλου 8', 'Δάσος Χαϊδαρίου', '12462', 'nikosmpetses2003@gmail.com', '6932414088', '6973559112', 5, '2105322534', 'Ελένη Περουλιδάκη', 'Θωμάς', '', '', '', 'Χειμερινή', '2019-2020', 24, '', NULL, '2019-08-30', '2020-08-14 18:13:20', NULL),
(15, 'Γιάννης', 'Βαλέρης', '6986870646', 'Καραϊσκάκη 18', 'Αγία Βαρβάρα', '12351', 'giannhs2091@gmail.com', '6946263278', '6946920249', 5, '2105690814', 'Σοφία Μανωλά', 'Αντώνης', '', '', '', 'Χειμερινή', '2019-2020', 24, '', NULL, '2019-08-30', '2020-08-14 18:13:21', NULL),
(16, 'Αντώνης', 'Προκοπίου', '6988218462', 'Αμφιπόλεως 19', 'Βοτανικός', '11855', 'yprokopio@gmail.com', '', '6974526720', 4, '2103450644', 'Ελένη', 'Παρασκευάς', '', '', '', 'Χειμερινή', '2019-2020', 11, '', NULL, '2019-08-30', '2020-08-14 18:13:22', NULL),
(17, 'Κωνσταντίνος', 'Φουντουλάκης', '6949112866', 'Σάμου 21', 'Αγία Βαρβάρα', '12351', 'kostasfoudou@gmail.com', '6955786255', '6949113015', 10, '2105447830', 'Δώρα', 'Σπυρίδων', '', '', '', 'Χειμερινή', '2019-2020', 28, '', NULL, '2019-09-02', '2020-08-14 18:13:22', NULL),
(18, 'Ειρήνη', 'Κεφαλιανού', '6979313065', 'Οδυσσέως 10 12', 'Νίκαια', '18454', 'mousiclife35@gmail.com', '6986366273', '6995158974', 9, '2104969203', 'Σταυρούλα', 'Νικόλαος', '', '', '', 'Χειμερινή', '2019-2020', 6, '', NULL, '2019-09-02', '2020-08-14 18:13:23', NULL),
(19, 'Φίλιππος', 'Τσελεπής', '6981313982', 'Αναστασίου Παπούλα 66', 'Αιγάλεω', '12244', 'ftselepgate13@gmail.com', '6937356520', '6944050585', 5, '2105736967', 'Ευαγγελία', 'Κωνσταντίνος', '', '', '', 'Χειμερινή', '2019-2020', 13, '', NULL, '2019-09-02', '2020-08-14 18:13:23', NULL),
(20, 'Χρήστος', 'Πολυδούλης', '6955119496', 'Κυδωνιών 5', 'Αιγάλεω', '12243', 'polydoylis.c@gmail.com', '6948000941', '6945191559', 5, '2105316288', 'Ελένη Γιώτη', 'Αναστάσιος', '', '', '', 'Χειμερινή', '2019-2020', 24, '', NULL, '2019-09-02', '2020-08-14 18:13:24', NULL),
(21, 'Μυρσίνη', 'Ανδριανού', '6988234787', 'Αθηνάς 50', 'Αγία Βαρβάρα', '12351', 'myrsinh2003@gmail.com', '6972253559', '6972512101', 5, '2105690588', 'Ελένη', 'Χαράλαμπος', '', '', '', 'Χειμερινή', '2019-2020', 13, '', NULL, '2019-09-02', '2020-08-14 18:13:25', NULL),
(22, 'Μαρία', 'Γαργουλάκη', '6947684516', 'Βότση 58', 'Αιγάλεω', '12244', 'garmarybarbie@gmail.com', '6972296370', '6976040154', 9, '2105697314', 'Ελευθερία', 'Αναστάσιος', '', '', '', 'Χειμερινή', '2019-2020', 6, '', NULL, '2019-09-03', '2020-08-14 18:13:26', NULL),
(23, 'Εμμανουήλ', 'Παπαγιάννης', '6942915420', 'Γρηγορίου Ε 19', 'Αιγάλεω', '12242', 'Maxaitas5@gmail.com', '6995802319', '6993559926', 4, '2105910822', 'Δώρα', 'Νίκος', '', '', '', 'Χειμερινή', '2019-2020', 11, '', NULL, '2019-09-03', '2020-08-14 18:13:26', NULL),
(24, 'Αντώνης', 'Αρβανίτης', '6974617023', 'Ελλησπόντου 22', 'Αιγάλεω', '12241', 'arbanitisantonis@gmail.com', '6947774060', '6940737018', 7, '2112143434', 'Μαρία Ταρενίδου', 'Βασίλης', '', '', '', 'Χειμερινή', '2019-2020', 29, '', NULL, '2019-09-03', '2020-08-14 18:13:27', NULL),
(25, 'Ευτυχία', 'Κουρκουμέλη', '6983609140', 'Νικίου 68', 'Αιγάλεω', '12243', 'efikourkoumeli67@yahoo.com', '6973976033', '6934759817', 5, '2105316998', 'Ευγενία', 'Διονύσης', '', '', '', 'Χειμερινή', '2019-2020', 15, '', NULL, '2019-09-03', '2020-08-14 18:13:27', NULL),
(26, 'Βασιλεία', 'Μπαρμπέρη', '6906148431', 'Μπουμπουλίνας 18', 'Αιγάλεω', '12244', 'bessybarb48@gmail.com', '6978943479', '', 5, '2105447249', 'Ζωή', 'Ευλάμπιος', '', '', '', 'Χειμερινή', '2019-2020', 24, '', NULL, '2019-09-03', '2020-08-14 18:13:27', NULL),
(27, 'Παναγιώτης', 'Χασαπίδης', '6980152060', 'Καρδίτσης 15', 'Περιστέρι', '12136', 'chasapides@gmail.com', '6979977023', '6945534742', 5, '2105781991', 'Μαρία', 'Άγγελος', '', '', '', 'Χειμερινή', '2019-2020', 16, '', NULL, '2019-09-03', '2020-08-14 18:13:28', NULL),
(28, 'Ράνια', 'Κουφάκη', '6984898965', 'Ρήγα Φεραίου 4', 'Αιγάλεω', '12241', 'koufaki2004@gmail.com', '6974741995', '6973220586', 4, '2105612472', 'Ελένη', 'Μάνος', '', '', '', 'Χειμερινή', '2019-2020', 11, '', NULL, '2019-09-03', '2020-08-14 18:13:28', NULL),
(29, 'Αθηνά', 'Λουλεοπούλου', '6983016167', 'Νέστου 49', 'Αιγάλεω', '12244', 'loathina@hotmail.com', '6972989178', '6977040407', 5, '2105617404', 'Σοφία Μπερλή', 'Νικόλαος', '', '', '', 'Χειμερινή', '2019-2020', 15, '', NULL, '2019-09-03', '2020-08-14 18:13:29', NULL),
(30, 'Κωνσταντίνος', 'Πιστόπουλος', '6987142433', 'Κώστα Βάρναλη 91', 'Αιγάλεω', '12244', 'kwstasbatista1@gmail.com', '6982441177', '6989801767', 5, '2117207113', 'Ίννα', 'Αλέξανδρος', '', '', '', 'Χειμερινή', '2019-2020', 24, '', NULL, '2019-09-04', '2020-08-14 18:13:29', NULL),
(31, 'Φίλιππος Θεόδωρος', 'Γαλανόπουλος', '6907868562', 'Νικίου 31', 'Αιγάλεω', '12243', 'phil.galanopoulos@gmail.com', '', '6948270206', 5, '2105317239', 'Σοφία', 'Παναγιώτης', '', '', '', 'Χειμερινή', '2019-2020', 24, '', NULL, '2019-09-04', '2020-08-14 18:13:30', NULL),
(32, 'Ιωάννης', 'Αλεξίου', '6985953064', 'Κυλλήνης 48', 'Αιγάλεω', '12244', 'alexiougiannes03@gmail.com', '6985824195', '6974493077', 5, '2105452375', 'Χριστίνα', 'Ιωάννης', '', '', '', 'Χειμερινή', '2019-2020', 16, '', NULL, '2019-09-04', '2020-08-14 18:13:31', NULL),
(33, 'Σάρα', 'Αβντίου', '6906456085', 'Λαοδικείας 38', 'Νίκαια', '18453', 'avdiusara510@gmail.com', '', '6979231854', 10, '', 'Μαριέτα', 'Εμιλιάνο', '', '', '', 'Χειμερινή', '2019-2020', 27, '', NULL, '2019-09-05', '2020-08-14 18:13:31', NULL),
(34, 'Κωνσταντίνα', 'Μπεκιάρη', '6989742358', 'Νίκης 58', 'Αιγάλεω', '12244', 'nantiapurple@gmail.com', '', '6973884082', 5, '2105620102', 'Ελένη', 'Χρήστος', '', '', '', 'Χειμερινή', '2019-2020', 16, '', NULL, '2019-09-05', '2020-08-14 18:13:32', NULL),
(35, 'Μαρία', 'Καράκαλου', '6907654446', 'Παπούλα 24', 'Αιγάλεω', '12244', 'maria.karakalou04@gmail.com', '6951803940', '6937197135', 4, '2105447358', 'Ξένια Ανδριοπούλου', 'Θανάσης', '', '', '', 'Χειμερινή', '2019-2020', 11, '', NULL, '2019-09-05', '2020-08-14 18:13:32', NULL),
(36, 'Γιώργος', 'Μπερτάκης', '6970997869', 'Λέσβου 50', 'Αγία Βαρβάρα', '12351', 'bertakis69@gmail.com', '6984966362', '6997270635', 7, '2105448124', 'Φανή', 'Νεκτάριος', '', '', '', 'Χειμερινή', '2019-2020', 29, '', NULL, '2019-09-05', '2020-08-14 18:13:32', NULL),
(37, 'Παναγιώτης', 'Μπερτάκης', '6982828101', 'Λέσβου 50', 'Αγία Βαρβάρα', '12351', 'bertakis68@gmail.com', '6984966362', '6997270635', 7, '2105448124', 'Φανή', 'Νεκτάριος', '', '', '', 'Χειμερινή', '2019-2020', 29, '', NULL, '2019-09-05', '2020-08-14 18:13:32', NULL),
(38, 'Μάγδα', 'Καντηλιεράκη', '6986838497', 'Σόλωνος 3', 'Αιγάλεω', '12244', 'magdakantilieraki@gmail.com', '6948046086', '', 9, '2105314406', 'Ευανθία', 'Χαράλαμπος', '', '', '', 'Χειμερινή', '2019-2020', 6, '', NULL, '2019-09-05', '2020-08-14 18:13:32', NULL),
(39, 'Διονύσης', 'Σμαίλης', '6945317626', 'Τηλεμάχου 78', 'Περιστέρι', '12156', 'denniskarhas@gmail.com', '6944734098', '6947987827', 9, '2105731617', 'Αγγελική', 'Χρήστος', '', '', '', 'Χειμερινή', '2019-2020', 6, '', NULL, '2019-09-06', '2020-08-14 18:13:33', NULL),
(40, 'Ειρήνη', 'Μπαρίνοβ', '6988248074', 'Νικίου 113', 'Αιγάλεω', '12243', 'jinxpewpew12@gmail.com', '', '6979560218', 5, '2121057866', 'Λαρίσα', '', '', '', '', 'Χειμερινή', '2019-2020', 24, '', NULL, '2019-09-09', '2020-08-14 18:13:33', NULL),
(41, 'Βασιλική', 'Μαυροθαλασσίτη', '6984873977', 'Αναστασίου Παπούλα 65Α', 'Αιγάλεω', '12244', 'maurothalassitivasiliki@gmail.com', '6972269011', '6936835208', 4, '2105613726', 'Αγγελική', 'Ιωάννης', '', '', '', 'Χειμερινή', '2019-2020', 11, '', NULL, '2019-09-09', '2020-08-14 18:13:34', NULL),
(42, 'Πέτρος', 'Γαρούφης', '6989846230', 'Λακωνίας 48', 'Αιγάλεω', '12244', 'p10garoufis@gmail.com', '6906391841', '6978398788', 5, '2105694535', 'Δήμητρα', 'Χρήστος', '', '', '', 'Χειμερινή', '2019-2020', 15, '', NULL, '2019-09-10', '2020-08-14 18:13:34', NULL),
(43, 'Βιβή', 'Λέκου', '6948410998', 'Ζαλόγγου 2', 'Αιγάλεω', '12244', 'vivilekou123@gmail.com', '6937982571', '6937365442', 5, '2114104597', 'Χαρά Μαλαπέτσα', 'Γεώργιος', '', '', '', 'Χειμερινή', '2019-2020', 16, 'xaramalap@gmail.com', NULL, '2019-09-12', '2020-08-14 18:13:35', NULL),
(44, 'Χριστίνα', 'Παναγοπούλου', '6985089928', 'Γεωργίου Σούτσου 33', 'Αιγάλεω', '12244', 'christinepanagopoulou4@gmail.com', '6937015341', '6987562916', 10, '', 'Δέσποινα Βόλη', 'Παναγιώτης', '', '', '', 'Χειμερινή', '2019-2020', 26, '', NULL, '2019-09-12', '2020-08-14 18:13:35', NULL),
(45, 'Αθηνά', 'Κολαϊτη', '6957772691', 'Ιθάκης 59', 'Ρέντη', '18233', '', '6977984433', '6979351599', 5, '2104251226', 'Ζωγραφιά', 'Ιωάννης', '', '', '', 'Χειμερινή', '2019-2020', 24, '', NULL, '2019-09-12', '2020-08-14 18:13:35', NULL),
(46, 'Βαγγέλης', 'Κολαϊτης', '6957772670', 'Ιθάκης 59', 'Ρέντη', '18233', '', '6977984433', '6979351599', 5, '2104251226', 'Ζωγραφιά', 'Ιωάννης', '', '', '', 'Χειμερινή', '2019-2020', 24, '', NULL, '2019-09-12', '2020-08-14 18:13:35', NULL),
(48, 'Μαρία Ελένη', 'Αλιμπέρτη', '6972692766', 'Κολοκοτρώνη 51', 'Χαϊδάρι', '12461', 'hanaemlight28@gmail.com', '6983582799', '6971616339', 5, '2114058043', 'Μαρίνα', 'Δημοσθένης', '', '', '', 'Χειμερινή', '2019-2020', 16, '', NULL, '2019-09-13', '2020-08-14 18:13:36', NULL),
(49, 'Θεοδοσία', 'Κεχαγιά', '6988687619', 'Έλλης 73', 'Αιγάλεω', '12243', 'theodosia.kexagia@gmail.com', '', '6978148313', 10, '2105910408', 'Βαϊα Καραβίδα', 'Βασίλειος', '', '', '', 'Χειμερινή', '2019-2020', 25, '', NULL, '2019-09-14', '2020-08-14 18:13:36', NULL),
(51, 'Κατερίνα', 'Καραγιάννη', '6955182805', 'Αλατσάτων 25', 'Αιγάλεω', '12241', 'katekrg96@icloyd.com', '', '', 5, '2105449331', 'Ιωάννα', 'Μιχαήλ', 'Μαρία Μπούρχα', '6943947741', '', 'Χειμερινή', '2019-2020', 24, '', NULL, '2019-09-16', '2020-08-14 18:13:37', NULL),
(52, 'Γιάννης', 'Μανές', '6983043771', 'Διστόμου 36', 'Άγιοι Ανάργυροι', '13561', 'manesgiannis@gmail.com', '6937171369', '6974499908', 10, '2102629382', 'Κατερίνα', 'Νίκος', '', '', '', 'Χειμερινή', '2019-2020', 25, 'nikolaosmanes@gmail.com', NULL, '2019-09-16', '2020-08-14 18:13:38', NULL),
(53, 'Αντώνης', 'Μανές', '6976736831', 'Διστόμου 36', 'Άγιοι Ανάργυροι', '13561', 'antwnhsmanes@gmail.com', '6937171369', '6974499908', 10, '2102629382', 'Κατερίνα', 'Νίκος', '', '', '', 'Χειμερινή', '2019-2020', 26, 'nikolaosmanes@gmail.com', NULL, '2019-09-16', '2020-08-14 18:13:39', NULL),
(54, 'Μιχάλης', 'Παπαμιχαήλ', '6998100976', 'Καποδιστρίου 53', 'Αιγάλεω', '12241', 'mikepapamike6@gmail.com', '6982478699', '6938329395', 10, '2105444527', 'Κατίνα', 'Ιωάννης', '', '', '', 'Χειμερινή', '2019-2020', 28, '', NULL, '2019-09-16', '2020-08-14 18:13:39', NULL),
(55, 'Μαρία', 'Μούργκα', '6988007628', 'Στρατηγού Μακρυγιάννη 17', 'Αγία Βαρβάρα', '12351', 'mariapapaxr17@gmail.com', '6977397526', '6977329721', 5, '2105695790', 'Κατερίνα', 'Χρήστος', '', '', '', 'Χειμερινή', '2019-2020', 15, '', NULL, '2019-09-16', '2020-08-14 18:13:40', NULL),
(56, 'Θοδωρής', 'Κοκκάλας', '6970106199', 'Επαμεινώνδα 18', 'Αιγάλεω', '12244', '', '6983508015', '6936949650', 2, '2105622151', 'Ελένη', 'Ευάγγελος', '', '', '', 'Χειμερινή', '2019-2020', 9, '', NULL, '2019-09-17', '2020-08-14 18:13:41', NULL),
(57, 'Αλέξανδρος Παναγιώτης', 'Καντηλιεράκης', '', 'Σόλωνος 3', 'Αιγάλεω', '12244', '', '6948046086', '', 3, '2105314406', 'Ευανθία', 'Χαράλαμπος', '', '', '', 'Χειμερινή', '2019-2020', 10, '', NULL, '2019-09-17', '2020-08-14 18:13:41', NULL),
(58, 'Στάθης', 'Κοντοστάθης', '6932301030', 'Πολυδεύκους 15', 'Αιγάλεω', '12243', 'skontostathis@gmail.com', '6977938109', '6932239873', 9, '2111840552', 'Βαλάντω Καρέλλα', 'Ιωάννης', '', '', '', 'Χειμερινή', '2019-2020', 6, '', NULL, '2019-09-24', '2020-08-14 18:13:41', NULL),
(59, 'Μπαρίε', 'Κότσι', '6945031918', 'Σκουφά 2', 'Αιγάλεω', '12243', 'barko27000@gmail.com', '', '', 10, '', 'Λίντιτα', 'Τζάφερ', 'Ροβένα Κότσι', '6946170116', '', 'Χειμερινή', '2019-2020', 28, '', NULL, '2019-09-30', '2020-08-14 18:13:42', NULL),
(60, 'Νίκος', 'Στρατόπουλος', '6994587654', '28ης Οκτωβρίου 43', 'Αιγάλεω', '12244', '', '6994587655', '6977935621', 7, '2104000254', 'Ευαγγελία', 'Γιώργος', '', '', '', 'Χειμερινή', '2019-2020', 29, '', NULL, '2019-10-02', '2020-08-14 18:13:43', NULL),
(61, 'Μαρία', 'Ρουμελιώτη', '6987775663', 'Αλεξάνδρου Ζαΐμη 20', 'Αιγάλεω', '12244', 'marakiroumelioti@gmail.com', '6972092216', '6972127060', 5, '2105613737', 'Ειρήνη Μικροβασίλη', 'Γιάννης', '', '', '', 'Χειμερινή', '2019-2020', 13, '', NULL, '2019-10-05', '2020-08-14 18:13:43', NULL),
(62, 'Κωνσταντίνα', 'Ρουμελιώτη', '6986958237', 'Αλεξάνδρου Ζαΐμη 20', 'Αιγάλεω', '12244', '', '6972092216', '6972127060', 3, '2105613737', 'Ειρήνη Μικροβασίλη', 'Γιάννης', '', '', '', 'Χειμερινή', '2019-2020', 10, '', NULL, '2019-10-05', '2020-08-14 18:13:44', NULL),
(63, 'Ελένη', 'Τσαούσογλου', '6980864210', 'Κύπρου 63Α', 'Αιγάλεω', '12241', '', '6974617118', '6996731813', 5, '', 'Αιμιλία', 'Βαγγέλης', '', '', '', 'Χειμερινή', '2019-2020', 15, '', NULL, '2019-10-14', '2020-08-14 18:13:44', NULL),
(64, 'Ζωή', 'Αντωναροπούλου', '6993565301', 'Κορυδαλλού 21', 'Αιγάλεω', '12234', 'zoitsa.ant@gmail.com', '6933441132', '6908660091', 10, '2105693132', 'Αιμιλία Ψειμάδα', 'Γιώργος', '', '', '', 'Χειμερινή', '2019-2020', 26, '', NULL, '2019-10-15', '2020-08-14 18:13:45', NULL),
(65, 'Αναστάσιος', 'Δημόπουλος', '6983944315', 'Ερμού 33', 'Αγία Βαρβάρα', '12351', 'tasosdimop09@gmail.com', '6987873209', '6972740251', 10, '2105618597', 'Παναγιώτα', 'Γιώργος', '', '', '', 'Χειμερινή', '2019-2020', 27, '', NULL, '2019-10-17', '2020-08-14 18:13:45', NULL),
(66, 'Μαρία', 'Βουγογιαννοπούλου', '6994790705', 'Καλαμών 22', 'Αιγάλεω', '12244', 'chimchimmb@gmail.com', '6994813123', '', 8, '2114152665', 'Εύα', 'Νικόλαος', '', '', '', 'Χειμερινή', '2019-2020', 20, '', NULL, '2019-10-21', '2020-08-14 18:13:46', NULL),
(67, 'Νεκτάριος', 'Ζωγράφος', '6996625788', 'Γραβιάς 39', 'Αιγάλεω', '12243', 'zografosnektarios@gmail.com', '', '6993860569', 9, '2104519574', 'Καλλιόπη', 'Νομικός', '', '', '', 'Χειμερινή', '2019-2020', 6, '', NULL, '2019-11-05', '2020-08-14 18:13:46', NULL),
(68, 'Ελένη', 'Μπεκάκου', '6971551365', 'Ρεθύμνης 25', 'Αιγάλεω', '12244', 'elenibekakou@gmail.com', '6978014300', '6981001815', 6, '2105312709', 'Πηνελόπη Λέκκα', 'Ιωάννης', '', '', '', 'Χειμερινή', '2019-2020', 5, '', NULL, '2019-11-06', '2020-08-14 18:13:46', NULL),
(69, 'Πάρης', 'Σκέρλος', '6906986014', '28ης Οκτωβρίου 3', 'Αιγάλεω', '12244', '', '6932024494', '6934220626', 5, '2114103918', 'Μαρία', 'Γιώργος', '', '', '', 'Χειμερινή', '2019-2020', 24, '', NULL, '2019-11-13', '2020-08-14 18:13:46', NULL),
(70, 'Ελευθερία', 'Λούντζη', '6947219049', 'Καποδιστρίου 62', 'Αιγάλεω', '12241', '', '', '6907550467', 4, '2105611285', 'Κυριακή', 'Διονύσης', '', '', '', 'Χειμερινή', '2019-2020', 11, '', NULL, '2019-12-03', '2020-08-14 18:13:46', NULL),
(71, 'Χριστίνα', 'Σιδηροπούλου', '6987658729', 'Θησέως 538', 'Αγία Βαρβάρα', '12351', 'lovexristina.23@gmail.com', '6947995628', '6980118770', 5, '2105623842', 'Ήρα', 'Γεώργιος', '', '', '', 'Χειμερινή', '2019-2020', 16, '', NULL, '2020-01-10', '2020-08-14 18:13:46', NULL),
(72, 'Αθηνά', 'Κατσίκη', '6907375455', 'Περικλέους 30', 'Αιγάλεω', '12244', 'athinakatsiki03@gmail.com', '6942475055', '6946581358', 10, '2105316268', 'Ταξιαρχούλα Αγριτέλη', 'Γιώργος', '', '', '', 'Χειμερινή', '2019-2020', 28, '', NULL, '2020-01-15', '2020-08-14 18:13:47', NULL),
(73, 'Ζωή', 'Μάνεση', '6947703449', 'Ανδρούτσου 29', 'Χαϊδάρι', '12461', '', '6946670235', '', 5, '2105320839', 'Σωτηρία Τρίγκα', 'Χρήστος', '', '', '', 'Χειμερινή', '2019-2020', 15, '', NULL, '2020-02-25', '2020-08-14 18:13:47', NULL);

-- --------------------------------------------------------

--
-- Δομή πίνακα για τον πίνακα `students_20_21_ther`
--

DROP TABLE IF EXISTS `students_20_21_ther`;
CREATE TABLE IF NOT EXISTS `students_20_21_ther` (
  `id` int(5) NOT NULL AUTO_INCREMENT,
  `firstname` varchar(50) DEFAULT NULL,
  `lastname` varchar(50) DEFAULT NULL,
  `mobile` varchar(10) DEFAULT NULL,
  `address` varchar(200) DEFAULT NULL,
  `perioxi` varchar(100) DEFAULT NULL,
  `zip` varchar(5) DEFAULT NULL,
  `email` varchar(200) DEFAULT NULL,
  `fphone` varchar(22) DEFAULT NULL,
  `mphone` varchar(22) DEFAULT NULL,
  `class` int(11) DEFAULT NULL,
  `phone` varchar(10) DEFAULT NULL,
  `mname` varchar(50) DEFAULT NULL,
  `faname` varchar(50) DEFAULT NULL,
  `kid_name` varchar(100) DEFAULT NULL,
  `kid_phone` varchar(22) DEFAULT NULL,
  `fee` varchar(5) DEFAULT NULL,
  `periodos` varchar(25) DEFAULT NULL,
  `sx_etos` varchar(15) DEFAULT NULL,
  `tmima` int(11) DEFAULT NULL,
  `email_kidemona` varchar(150) DEFAULT NULL,
  `informed_by` int(11) DEFAULT NULL,
  `date_eggrafis` date DEFAULT NULL,
  `created_at` datetime DEFAULT CURRENT_TIMESTAMP,
  `updated_at` datetime DEFAULT NULL ON UPDATE CURRENT_TIMESTAMP,
  PRIMARY KEY (`id`),
  KEY `tmima` (`tmima`),
  KEY `link_taksi_student_id_20_21_ther` (`class`),
  KEY `link_informed_by_id_20_21_ther` (`informed_by`)
) ENGINE=InnoDB AUTO_INCREMENT=25 DEFAULT CHARSET=utf8;

--
-- Άδειασμα δεδομένων του πίνακα `students_20_21_ther`
--

INSERT INTO `students_20_21_ther` (`id`, `firstname`, `lastname`, `mobile`, `address`, `perioxi`, `zip`, `email`, `fphone`, `mphone`, `class`, `phone`, `mname`, `faname`, `kid_name`, `kid_phone`, `fee`, `periodos`, `sx_etos`, `tmima`, `email_kidemona`, `informed_by`, `date_eggrafis`, `created_at`, `updated_at`) VALUES
(4, 'Πέτρος', 'Γαρούφης', '6989846230', 'Λακωνίας 48', 'Αιγάλεω', '12244', 'p10garoufis@gmail.com', '6906391841', '6978398788', 6, '2105694535', 'Δήμητρα', 'Χρήστος', '', '', '', 'Θερινή', '2020-2021', 32, '', NULL, '2020-06-17', '2020-08-14 18:42:16', NULL),
(5, 'Μυρσίνη', 'Ανδριανού', '6988234787', 'Αθηνάς 50', 'Αγία Βαρβάρα', '12351', 'myrsinh2003@gmail.com', '6972253559', '6972512101', 6, '2105690588', 'Ελένη', 'Χαράλαμπος', '', '', '', 'Θερινή', '2020-2021', 30, '', NULL, '2020-06-17', '2020-08-14 18:42:17', NULL),
(6, 'Γιάννης', 'Βαλέρης', '6986870646', 'Καραϊσκάκη 18', 'Αγία Βαρβάρα', '12351', 'giannhs2091@gmail.com', '6946263278', '6946920249', 6, '2105690814', 'Σοφία Μανωλά', 'Αντώνης', '', '', '', 'Θερινή', '2020-2021', 31, '', NULL, '2020-06-17', '2020-08-14 18:42:17', NULL),
(7, 'Φίλιππος Θεόδωρος', 'Γαλανόπουλος', '6907868562', 'Νικίου 31', 'Αιγάλεω', '12243', 'phil.galanopoulos@gmail.com', '', '6948270206', 6, '2105317239', 'Σοφία', 'Παναγιώτης', '', '', '', 'Θερινή', '2020-2021', 32, '', NULL, '2020-06-17', '2020-08-14 18:42:17', NULL),
(8, 'Κατερίνα', 'Καραγιάννη', '6955182805', 'Αλατσάτων 25', 'Αιγάλεω', '12241', 'katekrg96@icloyd.com', '', '', 6, '2105449331', 'Ιωάννα', 'Μιχαήλ', 'Μαρία Μπούρχα', '6943947741', '', 'Θερινή', '2020-2021', 32, '', NULL, '2020-06-17', '2020-08-14 18:42:18', NULL),
(9, 'Γιώργος', 'Καραθανάσης', '6980399764', 'Αλατσάτων 9', 'Αιγάλεω', '12241', 'mairy-vasilis-george@hotmail.com', '6976255168', '6974434054', 5, '2105614770', 'Μαρία Χριστοφίλου', 'Βασίλης', '', '', '', 'Θερινή', '2020-2021', 24, '', NULL, '2020-06-17', '2020-08-14 18:42:18', NULL),
(10, 'Αθηνά', 'Κολαϊτη', '6957772691', 'Ιθάκης 59', 'Ρέντη', '18233', '', '6977984433', '6979351599', 6, '2104251226', 'Ζωγραφιά', 'Ιωάννης', '', '', '', 'Θερινή', '2020-2021', 3, '', NULL, '2020-06-17', '2020-08-14 18:42:18', NULL),
(11, 'Βαγγέλης', 'Κολαϊτης', '6957772670', 'Ιθάκης 59', 'Ρέντη', '18233', '', '6977984433', '6979351599', 6, '2104251226', 'Ζωγραφιά', 'Ιωάννης', '', '', '', 'Θερινή', '2020-2021', 3, '', NULL, '2020-06-17', '2020-08-14 18:42:18', NULL),
(12, 'Αθηνά', 'Λουλεοπούλου', '6983016167', 'Νέστου 49', 'Αιγάλεω', '12244', 'loathina@hotmail.com', '6972989178', '6977040407', 6, '2105617404', 'Σοφία Μπερλή', 'Νικόλαος', '', '', '', 'Θερινή', '2020-2021', 30, '', NULL, '2020-06-17', '2020-08-14 18:42:18', NULL),
(13, 'Ζωή', 'Μάνεση', '6947703449', 'Ανδρούτσου 29', 'Χαϊδάρι', '12461', '', '6946670235', '', 6, '2105320839', 'Σωτηρία Τρίγκα', 'Χρήστος', '', '', '', 'Θερινή', '2020-2021', 31, '', NULL, '2020-06-17', '2020-08-14 18:42:18', NULL),
(14, 'Μαρία', 'Μούργκα', '6988007628', 'Στρατηγού Μακρυγιάννη 17', 'Αγία Βαρβάρα', '12351', 'mariapapaxr17@gmail.com', '6977397526', '6977329721', 6, '2105695790', 'Κατερίνα', 'Χρήστος', '', '', '', 'Θερινή', '2020-2021', 31, '', NULL, '2020-06-17', '2020-08-14 18:42:19', NULL),
(15, 'Ειρήνη', 'Μπαρίνοβ', '', 'Νικίου 113', 'Αιγάλεω', '12243', 'jinxpewpew12@gmail.com', '', '6979560218', 6, '2121057866', 'Λαρίσα', '', '', '', '', 'Θερινή', '2020-2021', 32, '', NULL, '2020-06-17', '2020-08-14 18:42:19', NULL),
(16, 'Βασιλεία', 'Μπαρμπέρη', '6906148431', 'Μπουμπουλίνας 18', 'Αιγάλεω', '12244', 'bessybarb48@gmail.com', '6978943479', '', 6, '2105447249', 'Ζωή', 'Ευλάμπιος', '', '', '', 'Θερινή', '2020-2021', 3, '', NULL, '2020-06-17', '2020-08-14 18:42:19', NULL),
(17, 'Νίκος', 'Μπέτσες', '6980868090', 'Μίμη Φωτοπούλου 8', 'Δάσος Χαϊδαρίου', '12462', 'nikosmpetses2003@gmail.com', '6932414088', '6973559112', 6, '2105322534', 'Ελένη Περουλιδάκη', 'Θωμάς', '', '', '', 'Θερινή', '2020-2021', 31, '', NULL, '2020-06-17', '2020-08-14 18:42:19', NULL),
(18, 'Κωνσταντίνος', 'Πιστόπουλος', '6987142433', 'Κώστα Βάρναλη 91', 'Αιγάλεω', '12244', 'kwstasbatista1@gmail.com', '6982441177', '6989801767', 6, '2117207113', 'Ίννα', 'Αλέξανδρος', '', '', '', 'Θερινή', '2020-2021', 3, '', NULL, '2020-06-17', '2020-08-14 18:42:19', NULL),
(19, 'Χρήστος', 'Πολυδούλης', '6955119496', 'Κυδωνιών 5', 'Αιγάλεω', '12243', 'polydoylis.c@gmail.com', '6948000941', '6945191559', 6, '2105316288', 'Ελένη Γιώτη', 'Αναστάσιος', '', '', '', 'Θερινή', '2020-2021', 31, '', NULL, '2020-06-17', '2020-08-14 18:42:19', NULL),
(20, 'Μαρία', 'Ρουμελιώτη', '6987775663', 'Αλεξάνδρου Ζαΐμη 20', 'Αιγάλεω', '12244', 'marakiroumelioti@gmail.com', '6972092216', '6972127060', 6, '2105613737', 'Ειρήνη Μικροβασίλη', 'Γιάννης', '', '', '', 'Θερινή', '2020-2021', 30, '', NULL, '2020-06-17', '2020-08-14 18:42:20', NULL),
(21, 'Κωνσταντίνα', 'Ρουμελιώτη', '6986958237', 'Αλεξάνδρου Ζαΐμη 20', 'Αιγάλεω', '12244', '', '6972092216', '6972127060', 4, '2105613737', 'Ειρήνη Μικροβασίλη', 'Γιάννης', '', '', '', 'Θερινή', '2020-2021', 11, '', NULL, '2020-06-17', '2020-08-14 18:42:20', NULL),
(22, 'Χριστίνα', 'Σιδηροπούλου', '6987658729', 'Θησέως 538', 'Αγία Βαρβάρα', '12351', 'lovexristina.23@gmail.com', '6947995628', '6980118770', 6, '2105623842', 'Ήρα', 'Γεώργιος', '', '', '', 'Θερινή', '2020-2021', 5, '', NULL, '2020-06-17', '2020-08-14 18:42:20', NULL),
(23, 'Ελένη', 'Τσαούσογλου', '6980864210', 'Κύπρου 63Α', 'Αιγάλεω', '12241', '', '6974617118', '6996731813', 6, '', 'Αιμιλία', 'Βαγγέλης', '', '', '', 'Θερινή', '2020-2021', 3, '', NULL, '2020-06-17', '2020-08-14 18:42:20', NULL),
(24, 'Φίλιππος', 'Τσελεπής', '6981313982', 'Αναστασίου Παπούλα 66', 'Αιγάλεω', '12244', 'ftselepgate13@gmail.com', '6937356520', '6944050585', 6, '2105736967', 'Ευαγγελία', 'Κωνσταντίνος', '', '', '', 'Θερινή', '2020-2021', 30, '', NULL, '2020-06-17', '2020-08-14 18:42:20', NULL);

-- --------------------------------------------------------

--
-- Δομή πίνακα για τον πίνακα `students_lessons_19_20_xeim`
--

DROP TABLE IF EXISTS `students_lessons_19_20_xeim`;
CREATE TABLE IF NOT EXISTS `students_lessons_19_20_xeim` (
  `id` int(11) NOT NULL AUTO_INCREMENT,
  `student_id` int(11) NOT NULL,
  `lesson_id` int(11) NOT NULL,
  PRIMARY KEY (`id`),
  KEY `lesson_id` (`lesson_id`),
  KEY `student_id` (`student_id`)
) ENGINE=InnoDB AUTO_INCREMENT=298 DEFAULT CHARSET=utf8;

--
-- Άδειασμα δεδομένων του πίνακα `students_lessons_19_20_xeim`
--

INSERT INTO `students_lessons_19_20_xeim` (`id`, `student_id`, `lesson_id`) VALUES
(1, 2, 12),
(2, 2, 2),
(3, 2, 3),
(4, 2, 4),
(5, 3, 6),
(6, 3, 5),
(7, 4, 24),
(8, 4, 1),
(9, 4, 2),
(10, 4, 23),
(11, 5, 12),
(12, 5, 7),
(13, 5, 2),
(14, 5, 3),
(15, 5, 4),
(16, 6, 6),
(17, 6, 5),
(18, 6, 1),
(19, 6, 25),
(20, 7, 6),
(21, 7, 5),
(22, 7, 1),
(23, 7, 25),
(24, 8, 8),
(25, 8, 1),
(26, 8, 3),
(27, 8, 4),
(28, 9, 7),
(29, 9, 11),
(30, 9, 16),
(31, 10, 21),
(32, 10, 1),
(33, 10, 2),
(34, 10, 22),
(35, 11, 7),
(36, 11, 11),
(37, 11, 16),
(38, 12, 1),
(39, 12, 20),
(40, 12, 19),
(41, 12, 2),
(42, 13, 7),
(43, 13, 1),
(44, 13, 16),
(45, 13, 11),
(46, 14, 6),
(47, 14, 5),
(48, 14, 1),
(49, 14, 2),
(50, 14, 25),
(51, 14, 3),
(52, 15, 6),
(53, 15, 5),
(54, 15, 1),
(55, 15, 2),
(56, 15, 25),
(57, 15, 3),
(58, 16, 2),
(59, 16, 3),
(60, 16, 4),
(61, 17, 8),
(62, 17, 1),
(63, 17, 3),
(64, 17, 4),
(65, 18, 1),
(66, 18, 17),
(67, 18, 2),
(68, 18, 18),
(69, 19, 8),
(70, 19, 1),
(71, 19, 2),
(72, 19, 25),
(73, 19, 3),
(74, 19, 4),
(75, 20, 6),
(76, 20, 5),
(77, 20, 1),
(78, 20, 2),
(79, 20, 25),
(80, 20, 3),
(81, 21, 8),
(82, 21, 1),
(83, 21, 2),
(84, 21, 25),
(85, 21, 3),
(86, 21, 4),
(87, 22, 21),
(88, 22, 1),
(89, 22, 2),
(90, 22, 22),
(91, 23, 7),
(92, 23, 1),
(93, 23, 2),
(94, 23, 3),
(95, 23, 4),
(96, 24, 1),
(97, 24, 2),
(98, 24, 3),
(99, 25, 1),
(100, 26, 6),
(101, 26, 5),
(102, 26, 1),
(103, 26, 2),
(104, 26, 25),
(105, 26, 3),
(106, 27, 1),
(107, 27, 7),
(108, 27, 2),
(109, 27, 16),
(110, 27, 11),
(111, 28, 1),
(112, 28, 2),
(113, 28, 3),
(114, 28, 4),
(115, 29, 1),
(116, 29, 2),
(117, 29, 25),
(118, 29, 3),
(119, 29, 4),
(120, 30, 6),
(121, 30, 5),
(122, 30, 1),
(123, 30, 2),
(124, 30, 25),
(125, 30, 3),
(126, 31, 6),
(127, 31, 5),
(128, 31, 1),
(129, 31, 2),
(130, 31, 25),
(131, 31, 3),
(132, 32, 1),
(133, 32, 7),
(134, 32, 2),
(135, 32, 11),
(136, 32, 16),
(137, 33, 6),
(138, 33, 5),
(139, 33, 1),
(140, 33, 25),
(141, 34, 1),
(142, 34, 7),
(143, 34, 11),
(144, 34, 16),
(145, 34, 2),
(146, 35, 1),
(147, 35, 7),
(148, 35, 2),
(149, 35, 3),
(150, 35, 4),
(151, 36, 1),
(152, 36, 2),
(153, 36, 3),
(154, 37, 1),
(155, 37, 2),
(156, 37, 3),
(157, 38, 1),
(158, 38, 17),
(159, 38, 2),
(160, 38, 18),
(161, 39, 24),
(162, 39, 1),
(163, 39, 2),
(164, 39, 23),
(165, 40, 6),
(166, 40, 5),
(167, 40, 1),
(168, 40, 2),
(169, 40, 25),
(170, 40, 3),
(171, 41, 7),
(172, 41, 1),
(173, 41, 2),
(174, 41, 3),
(175, 41, 4),
(176, 42, 6),
(177, 42, 5),
(178, 42, 1),
(179, 42, 2),
(180, 42, 25),
(181, 42, 3),
(182, 43, 7),
(183, 43, 1),
(184, 43, 11),
(185, 43, 16),
(186, 43, 2),
(187, 44, 7),
(188, 44, 1),
(189, 44, 11),
(190, 44, 16),
(191, 45, 1),
(192, 46, 1),
(193, 48, 7),
(194, 48, 1),
(195, 48, 11),
(196, 48, 16),
(197, 48, 2),
(198, 49, 1),
(199, 49, 25),
(200, 49, 3),
(201, 49, 4),
(202, 51, 6),
(203, 51, 5),
(204, 51, 1),
(205, 51, 2),
(206, 51, 25),
(207, 51, 3),
(208, 52, 1),
(209, 52, 25),
(210, 52, 3),
(211, 52, 4),
(212, 53, 7),
(213, 53, 1),
(214, 53, 11),
(215, 53, 16),
(216, 54, 8),
(217, 54, 1),
(218, 54, 3),
(219, 54, 4),
(220, 55, 6),
(221, 55, 5),
(222, 55, 1),
(223, 55, 2),
(224, 55, 25),
(225, 55, 3),
(226, 56, 12),
(227, 56, 2),
(228, 56, 4),
(229, 56, 3),
(230, 57, 12),
(231, 57, 2),
(232, 57, 3),
(233, 57, 4),
(234, 58, 24),
(235, 58, 1),
(236, 58, 2),
(237, 58, 23),
(238, 59, 8),
(239, 59, 1),
(240, 59, 3),
(241, 59, 4),
(242, 60, 1),
(243, 60, 2),
(244, 60, 3),
(245, 61, 8),
(246, 61, 1),
(247, 61, 2),
(248, 61, 25),
(249, 61, 3),
(250, 61, 4),
(251, 62, 12),
(252, 62, 2),
(253, 62, 3),
(254, 62, 4),
(255, 63, 6),
(256, 63, 5),
(257, 63, 1),
(258, 63, 2),
(259, 63, 25),
(260, 63, 3),
(261, 64, 7),
(262, 64, 1),
(263, 64, 11),
(264, 64, 10),
(265, 65, 6),
(266, 65, 5),
(267, 65, 1),
(268, 65, 25),
(269, 66, 1),
(270, 66, 2),
(271, 66, 3),
(272, 66, 4),
(273, 67, 1),
(274, 67, 2),
(275, 68, 7),
(276, 68, 1),
(277, 68, 11),
(278, 68, 16),
(279, 69, 2),
(280, 69, 3),
(281, 70, 2),
(282, 71, 7),
(283, 71, 1),
(284, 71, 11),
(285, 71, 16),
(286, 71, 2),
(287, 72, 8),
(288, 72, 1),
(289, 72, 25),
(290, 72, 3),
(291, 72, 4),
(292, 73, 6),
(293, 73, 5),
(294, 73, 1),
(295, 73, 2),
(296, 73, 25),
(297, 73, 3);

-- --------------------------------------------------------

--
-- Δομή πίνακα για τον πίνακα `students_lessons_20_21_ther`
--

DROP TABLE IF EXISTS `students_lessons_20_21_ther`;
CREATE TABLE IF NOT EXISTS `students_lessons_20_21_ther` (
  `id` int(11) NOT NULL AUTO_INCREMENT,
  `student_id` int(11) NOT NULL,
  `lesson_id` int(11) NOT NULL,
  PRIMARY KEY (`id`),
  KEY `lesson_id` (`lesson_id`),
  KEY `student_id` (`student_id`)
) ENGINE=InnoDB AUTO_INCREMENT=81 DEFAULT CHARSET=utf8;

--
-- Άδειασμα δεδομένων του πίνακα `students_lessons_20_21_ther`
--

INSERT INTO `students_lessons_20_21_ther` (`id`, `student_id`, `lesson_id`) VALUES
(1, 4, 6),
(2, 4, 5),
(3, 4, 1),
(4, 4, 25),
(5, 5, 1),
(6, 5, 25),
(7, 5, 3),
(8, 5, 4),
(9, 6, 6),
(10, 6, 5),
(11, 6, 1),
(12, 6, 25),
(13, 7, 6),
(14, 7, 5),
(15, 7, 1),
(16, 7, 25),
(17, 8, 6),
(18, 8, 5),
(19, 8, 1),
(20, 8, 25),
(21, 9, 1),
(22, 9, 25),
(23, 9, 3),
(24, 10, 6),
(25, 10, 5),
(26, 10, 1),
(27, 10, 25),
(28, 11, 6),
(29, 11, 5),
(30, 11, 1),
(31, 11, 25),
(32, 12, 1),
(33, 12, 25),
(34, 13, 6),
(35, 13, 5),
(36, 13, 1),
(37, 13, 25),
(38, 14, 6),
(39, 14, 5),
(40, 14, 1),
(41, 14, 25),
(42, 15, 6),
(43, 15, 5),
(44, 15, 1),
(45, 15, 25),
(46, 16, 6),
(47, 16, 5),
(48, 16, 1),
(49, 16, 25),
(50, 17, 6),
(51, 17, 5),
(52, 17, 1),
(53, 17, 25),
(54, 18, 6),
(55, 18, 5),
(56, 18, 1),
(57, 18, 25),
(58, 19, 6),
(59, 19, 5),
(60, 19, 1),
(61, 19, 25),
(62, 20, 8),
(63, 20, 1),
(64, 20, 3),
(65, 20, 4),
(66, 21, 1),
(67, 21, 25),
(68, 21, 3),
(69, 22, 7),
(70, 22, 1),
(71, 22, 11),
(72, 22, 16),
(73, 23, 6),
(74, 23, 5),
(75, 23, 1),
(76, 23, 25),
(77, 24, 8),
(78, 24, 1),
(79, 24, 3),
(80, 24, 4);

-- --------------------------------------------------------

--
-- Δομή πίνακα για τον πίνακα `teachers_tmimata_19_20_xeim`
--

DROP TABLE IF EXISTS `teachers_tmimata_19_20_xeim`;
CREATE TABLE IF NOT EXISTS `teachers_tmimata_19_20_xeim` (
  `id` int(11) NOT NULL AUTO_INCREMENT,
  `user_id` int(11) NOT NULL,
  `tmima_id` int(11) NOT NULL,
  PRIMARY KEY (`id`),
  KEY `user_id` (`user_id`),
  KEY `tmimata_id` (`tmima_id`),
  KEY `teacher_id` (`user_id`)
) ENGINE=InnoDB AUTO_INCREMENT=62 DEFAULT CHARSET=utf8;

--
-- Άδειασμα δεδομένων του πίνακα `teachers_tmimata_19_20_xeim`
--

INSERT INTO `teachers_tmimata_19_20_xeim` (`id`, `user_id`, `tmima_id`) VALUES
(1, 1, 2),
(2, 1, 3),
(3, 1, 13),
(4, 1, 15),
(5, 1, 24),
(6, 1, 25),
(7, 1, 27),
(8, 13, 2),
(9, 13, 7),
(10, 13, 10),
(11, 13, 11),
(12, 13, 13),
(13, 13, 15),
(14, 13, 25),
(15, 13, 28),
(16, 14, 2),
(17, 14, 3),
(18, 14, 5),
(19, 14, 7),
(20, 14, 13),
(21, 14, 15),
(22, 14, 16),
(23, 14, 24),
(24, 14, 25),
(25, 14, 26),
(26, 14, 27),
(27, 14, 28),
(28, 15, 5),
(29, 15, 6),
(30, 15, 9),
(31, 15, 11),
(32, 15, 16),
(33, 15, 26),
(34, 15, 29),
(35, 16, 3),
(36, 16, 6),
(37, 16, 15),
(38, 16, 24),
(39, 16, 27),
(40, 17, 3),
(41, 17, 6),
(42, 17, 15),
(43, 17, 24),
(44, 17, 27),
(45, 18, 6),
(46, 18, 7),
(47, 18, 13),
(48, 18, 28),
(49, 19, 10),
(50, 20, 2),
(51, 20, 6),
(52, 20, 7),
(53, 20, 9),
(54, 20, 10),
(55, 20, 11),
(56, 20, 13),
(57, 20, 15),
(58, 20, 24),
(59, 20, 25),
(60, 20, 28),
(61, 20, 29);

-- --------------------------------------------------------

--
-- Δομή πίνακα για τον πίνακα `teachers_tmimata_20_21_ther`
--

DROP TABLE IF EXISTS `teachers_tmimata_20_21_ther`;
CREATE TABLE IF NOT EXISTS `teachers_tmimata_20_21_ther` (
  `id` int(11) NOT NULL AUTO_INCREMENT,
  `user_id` int(11) NOT NULL,
  `tmima_id` int(11) NOT NULL,
  PRIMARY KEY (`id`),
  KEY `user_id` (`user_id`),
  KEY `tmimata_id` (`tmima_id`),
  KEY `teacher_id` (`user_id`)
) ENGINE=InnoDB AUTO_INCREMENT=69 DEFAULT CHARSET=utf8;

--
-- Άδειασμα δεδομένων του πίνακα `teachers_tmimata_20_21_ther`
--

INSERT INTO `teachers_tmimata_20_21_ther` (`id`, `user_id`, `tmima_id`) VALUES
(1, 1, 15),
(2, 1, 24),
(3, 1, 13),
(4, 1, 27),
(5, 1, 28),
(6, 1, 2),
(7, 1, 30),
(8, 1, 3),
(9, 1, 31),
(10, 1, 32),
(11, 1, 7),
(12, 7, 3),
(13, 7, 31),
(14, 7, 32),
(15, 13, 2),
(16, 13, 7),
(17, 13, 10),
(18, 13, 11),
(19, 13, 13),
(20, 13, 15),
(21, 13, 25),
(22, 13, 28),
(23, 14, 2),
(24, 14, 3),
(25, 14, 5),
(26, 14, 7),
(27, 14, 13),
(28, 14, 15),
(29, 14, 16),
(30, 14, 24),
(31, 14, 25),
(32, 14, 26),
(33, 14, 27),
(34, 14, 28),
(35, 15, 5),
(36, 15, 6),
(37, 15, 9),
(38, 15, 11),
(39, 15, 16),
(40, 15, 26),
(41, 15, 29),
(42, 16, 3),
(43, 16, 6),
(44, 16, 15),
(45, 16, 24),
(46, 16, 27),
(47, 17, 3),
(48, 17, 6),
(49, 17, 15),
(50, 17, 24),
(51, 17, 27),
(52, 18, 6),
(53, 18, 7),
(54, 18, 13),
(55, 18, 28),
(56, 19, 10),
(57, 20, 2),
(58, 20, 6),
(59, 20, 7),
(60, 20, 9),
(61, 20, 10),
(62, 20, 11),
(63, 20, 13),
(64, 20, 15),
(65, 20, 24),
(66, 20, 25),
(67, 20, 28),
(68, 20, 29);

-- --------------------------------------------------------

--
-- Δομή πίνακα για τον πίνακα `teacher_lessons_19_20_xeim`
--

DROP TABLE IF EXISTS `teacher_lessons_19_20_xeim`;
CREATE TABLE IF NOT EXISTS `teacher_lessons_19_20_xeim` (
  `id` int(11) NOT NULL AUTO_INCREMENT,
  `user_id` int(11) NOT NULL,
  `lesson_id` int(11) NOT NULL,
  PRIMARY KEY (`id`),
  KEY `teacher_id` (`user_id`),
  KEY `lesson_id` (`lesson_id`)
) ENGINE=InnoDB AUTO_INCREMENT=24 DEFAULT CHARSET=utf8;

--
-- Άδειασμα δεδομένων του πίνακα `teacher_lessons_19_20_xeim`
--

INSERT INTO `teacher_lessons_19_20_xeim` (`id`, `user_id`, `lesson_id`) VALUES
(1, 1, 25),
(2, 13, 4),
(3, 14, 1),
(4, 15, 7),
(5, 15, 1),
(6, 15, 11),
(7, 15, 17),
(8, 15, 16),
(9, 15, 10),
(10, 16, 5),
(11, 17, 6),
(12, 17, 24),
(13, 17, 23),
(14, 18, 21),
(15, 18, 9),
(16, 18, 8),
(17, 18, 22),
(18, 19, 12),
(19, 20, 20),
(20, 20, 19),
(21, 20, 18),
(22, 20, 3),
(23, 20, 4);

-- --------------------------------------------------------

--
-- Δομή πίνακα για τον πίνακα `teacher_lessons_20_21_ther`
--

DROP TABLE IF EXISTS `teacher_lessons_20_21_ther`;
CREATE TABLE IF NOT EXISTS `teacher_lessons_20_21_ther` (
  `id` int(11) NOT NULL AUTO_INCREMENT,
  `user_id` int(11) NOT NULL,
  `lesson_id` int(11) NOT NULL,
  PRIMARY KEY (`id`),
  KEY `teacher_id` (`user_id`),
  KEY `lesson_id` (`lesson_id`)
) ENGINE=InnoDB AUTO_INCREMENT=28 DEFAULT CHARSET=utf8;

--
-- Άδειασμα δεδομένων του πίνακα `teacher_lessons_20_21_ther`
--

INSERT INTO `teacher_lessons_20_21_ther` (`id`, `user_id`, `lesson_id`) VALUES
(1, 1, 25),
(2, 13, 4),
(3, 14, 1),
(4, 15, 7),
(5, 15, 1),
(6, 15, 11),
(7, 15, 17),
(8, 15, 16),
(9, 15, 10),
(10, 16, 5),
(11, 17, 6),
(12, 17, 24),
(13, 17, 23),
(14, 18, 21),
(15, 18, 9),
(16, 18, 8),
(17, 18, 22),
(18, 19, 12),
(23, 20, 20),
(24, 20, 19),
(25, 20, 18),
(26, 20, 3),
(27, 20, 4);

-- --------------------------------------------------------

--
-- Στημένη δομή για προβολή `test_1`
-- (Δείτε παρακάτω για την πραγματική προβολή)
--
DROP VIEW IF EXISTS `test_1`;
CREATE TABLE IF NOT EXISTS `test_1` (
`teacherLastname` varchar(50)
,`tmimaName` varchar(100)
,`lessonName` varchar(40)
,`studentLastname` varchar(50)
,`id` int(11)
,`user_id` int(11)
,`student_id` int(11)
,`lesson_id` int(11)
,`taksi` int(11)
,`tmima` int(3)
,`exam_date` date
,`exam_kind` varchar(15)
,`absence` varchar(10)
,`grade` int(4)
,`comments` varchar(300)
,`created_at` datetime
,`updated_at` datetime
);

-- --------------------------------------------------------

--
-- Δομή πίνακα για τον πίνακα `tmimata_19_20_xeim`
--

DROP TABLE IF EXISTS `tmimata_19_20_xeim`;
CREATE TABLE IF NOT EXISTS `tmimata_19_20_xeim` (
  `id` int(11) NOT NULL AUTO_INCREMENT,
  `name` varchar(100) NOT NULL,
  `class` int(11) NOT NULL,
  `comments` varchar(250) NOT NULL,
  `created_at` datetime DEFAULT NULL,
  `updated_at` datetime DEFAULT NULL,
  PRIMARY KEY (`id`),
  KEY `link_taksi_tmima_id_19_20_xeim` (`class`)
) ENGINE=InnoDB AUTO_INCREMENT=33 DEFAULT CHARSET=utf8;

--
-- Άδειασμα δεδομένων του πίνακα `tmimata_19_20_xeim`
--

INSERT INTO `tmimata_19_20_xeim` (`id`, `name`, `class`, `comments`, `created_at`, `updated_at`) VALUES
(1, 'Αγυμν.', 1, '', '2018-08-24 16:59:11', NULL),
(2, 'Γθετ', 6, '', '2018-08-28 11:02:25', NULL),
(3, 'Γοπ', 6, '', '2018-08-28 11:02:25', NULL),
(5, 'Γανθρ', 6, '', '2018-08-28 11:02:25', NULL),
(6, 'Γεπαλ', 9, '', '2018-08-28 11:02:25', NULL),
(7, 'Γυγ', 6, '', '2018-08-28 11:02:25', NULL),
(9, 'Βγυμν.', 2, '', '2018-08-28 11:02:25', NULL),
(10, 'Γγυμν.', 3, '', '2018-08-28 11:02:25', NULL),
(11, 'Αλυκ.', 4, '', '2018-08-28 11:02:25', NULL),
(13, 'Βυγ', 5, '', '2018-09-03 11:05:17', NULL),
(15, 'Βθετ', 5, '', '2018-09-03 11:05:17', NULL),
(16, 'Βανθρ', 5, '', '2018-09-03 11:05:17', NULL),
(20, 'Βεπαλ', 8, '', '2018-09-14 11:05:17', NULL),
(24, 'Βοπ', 5, '', '2018-09-14 11:53:17', NULL),
(25, 'Γα(θ)', 10, '', '2018-09-14 11:53:17', NULL),
(26, 'Γα(α)', 10, '', '2018-09-14 11:53:17', NULL),
(27, 'Γα(οπ)', 10, '', '2018-09-14 11:53:17', NULL),
(28, 'Γα(υ)', 10, '', '2018-09-14 11:53:17', NULL),
(29, 'Aεπαλ', 4, '', '2018-09-14 11:53:17', NULL);

-- --------------------------------------------------------

--
-- Δομή πίνακα για τον πίνακα `tmimata_20_21_ther`
--

DROP TABLE IF EXISTS `tmimata_20_21_ther`;
CREATE TABLE IF NOT EXISTS `tmimata_20_21_ther` (
  `id` int(11) NOT NULL AUTO_INCREMENT,
  `name` varchar(100) NOT NULL,
  `class` int(11) NOT NULL,
  `comments` varchar(250) NOT NULL,
  `created_at` datetime DEFAULT NULL,
  `updated_at` datetime DEFAULT NULL,
  PRIMARY KEY (`id`),
  KEY `link_taksi_tmima_id_20_21_ther` (`class`)
) ENGINE=InnoDB AUTO_INCREMENT=33 DEFAULT CHARSET=utf8;

--
-- Άδειασμα δεδομένων του πίνακα `tmimata_20_21_ther`
--

INSERT INTO `tmimata_20_21_ther` (`id`, `name`, `class`, `comments`, `created_at`, `updated_at`) VALUES
(1, 'Αγυμν.', 1, '', '2020-07-08 11:53:17', NULL),
(2, 'Γθετ', 6, '', '2020-07-08 11:53:17', NULL),
(3, 'Γοπ1', 6, '', '2020-07-08 11:53:17', NULL),
(5, 'Γανθρ', 6, '', '2020-07-08 11:53:17', NULL),
(6, 'Γεπαλ', 9, '', '2020-07-08 11:53:17', NULL),
(7, 'Γυγ', 6, '', '2020-07-08 11:53:17', NULL),
(9, 'Βγυμν.', 2, '', '2020-07-08 11:53:17', NULL),
(10, 'Γγυμν.', 3, '', '2020-07-08 11:53:17', NULL),
(11, 'Αλυκ.', 4, '', '2020-07-08 11:53:17', NULL),
(13, 'Βυγ', 5, '', '2020-07-08 11:53:17', NULL),
(15, 'Βθετ', 5, '', '2020-07-08 11:53:17', NULL),
(16, 'Βανθρ', 5, '', '2020-07-08 11:53:17', NULL),
(20, 'Βεπαλ', 8, '', '2020-07-08 11:53:17', NULL),
(24, 'Βοπ', 5, '', '2020-07-08 11:53:17', NULL),
(25, 'Γα(θ)', 10, '', '2020-07-08 11:53:17', NULL),
(26, 'Γα(α)', 10, '', '2020-07-08 11:53:17', NULL),
(27, 'Γα(οπ)', 10, '', '2020-07-08 11:53:17', NULL),
(28, 'Γα(υ)', 10, '', '2020-07-08 11:53:17', NULL),
(29, 'Aεπαλ', 4, '', '2020-07-08 11:53:17', NULL),
(30, 'Γθυ', 6, '', '2020-07-08 11:53:17', NULL),
(31, 'Γοπ2', 6, '', '2020-07-08 11:53:17', NULL),
(32, 'Γοπ3', 6, '', '2020-07-08 11:53:17', NULL);

-- --------------------------------------------------------

--
-- Δομή πίνακα για τον πίνακα `user_profile`
--

DROP TABLE IF EXISTS `user_profile`;
CREATE TABLE IF NOT EXISTS `user_profile` (
  `id` int(11) NOT NULL AUTO_INCREMENT,
  `user_id` int(11) NOT NULL,
  `firstname` varchar(50) DEFAULT NULL,
  `lastname` varchar(50) DEFAULT NULL,
  `mobile_phone` varchar(10) DEFAULT NULL,
  `phone` varchar(10) DEFAULT NULL,
  `address` varchar(150) DEFAULT NULL,
  `zip` varchar(5) DEFAULT NULL,
  `city` varchar(100) DEFAULT NULL,
  PRIMARY KEY (`id`),
  KEY `user_id` (`user_id`)
) ENGINE=InnoDB AUTO_INCREMENT=13 DEFAULT CHARSET=utf8;

--
-- Άδειασμα δεδομένων του πίνακα `user_profile`
--

INSERT INTO `user_profile` (`id`, `user_id`, `firstname`, `lastname`, `mobile_phone`, `phone`, `address`, `zip`, `city`) VALUES
(2, 7, 'Κωστής', 'Λάσκαρης', '', '2106426832', 'Dorilaiou 12', '11521', 'Αθήνα'),
(3, 1, 'Ηλίας', 'Λάσκαρης', NULL, NULL, NULL, NULL, NULL),
(4, 13, 'Γιάννα', 'Βορδώνη', NULL, NULL, NULL, NULL, NULL),
(5, 14, 'Μαρία', 'Καμαράτου', NULL, NULL, NULL, NULL, NULL),
(6, 15, 'Ριτα', 'Ρούσσα', '', '', '', '', ''),
(7, 16, 'Γιάννης', 'Ρηγανάς', NULL, NULL, NULL, NULL, NULL),
(8, 17, 'Δημήτρης', 'Σταυρίδης', NULL, NULL, NULL, NULL, NULL),
(9, 18, 'Γιώτα', 'Πατσουράκου', NULL, NULL, NULL, NULL, NULL),
(10, 19, 'Κατερίνα', 'Ζέρβα', NULL, NULL, NULL, NULL, NULL),
(11, 20, 'Θανασης', 'Αρβανίτης', NULL, NULL, NULL, NULL, NULL),
(12, 23, 'Τεστ', 'Τεστάκης', '', '', 'Καρπενισίου 1256', '30012', 'Απάνω Παναγιά');

-- --------------------------------------------------------

--
-- Δομή για προβολή `full_grades_19_20_xeim`
--
DROP TABLE IF EXISTS `full_grades_19_20_xeim`;

CREATE ALGORITHM=UNDEFINED DEFINER=`politopo_apopapa`@`%` SQL SECURITY DEFINER VIEW `full_grades_19_20_xeim`  AS  select `user_profile`.`firstname` AS `teacherFirstname`,`user_profile`.`lastname` AS `teacherLastname`,`tmimata_19_20_xeim`.`name` AS `tmimaName`,`lessons_19_20_xeim`.`name` AS `lessonName`,`students_19_20_xeim`.`firstname` AS `studentFirstname`,`students_19_20_xeim`.`lastname` AS `studentLastname`,`grades_19_20_xeim`.`id` AS `id`,`grades_19_20_xeim`.`user_id` AS `user_id`,`grades_19_20_xeim`.`student_id` AS `student_id`,`grades_19_20_xeim`.`lesson_id` AS `lesson_id`,`grades_19_20_xeim`.`taksi` AS `taksi`,`grades_19_20_xeim`.`tmima` AS `tmima`,`grades_19_20_xeim`.`exam_date` AS `exam_date`,`grades_19_20_xeim`.`exam_kind` AS `exam_kind`,`grades_19_20_xeim`.`absence` AS `absence`,`grades_19_20_xeim`.`grade` AS `grade`,`grades_19_20_xeim`.`comments` AS `comments`,`grades_19_20_xeim`.`created_at` AS `created_at`,`grades_19_20_xeim`.`updated_at` AS `updated_at` from ((((`grades_19_20_xeim` left join `user_profile` on((`user_profile`.`user_id` = `grades_19_20_xeim`.`user_id`))) left join `tmimata_19_20_xeim` on((`tmimata_19_20_xeim`.`id` = `grades_19_20_xeim`.`tmima`))) left join `students_19_20_xeim` on((`students_19_20_xeim`.`id` = `grades_19_20_xeim`.`student_id`))) left join `lessons_19_20_xeim` on((`lessons_19_20_xeim`.`id` = `grades_19_20_xeim`.`lesson_id`))) ;

-- --------------------------------------------------------

--
-- Δομή για προβολή `full_grades_20_21_ther`
--
DROP TABLE IF EXISTS `full_grades_20_21_ther`;

CREATE ALGORITHM=UNDEFINED DEFINER=`politopo_apopapa`@`%` SQL SECURITY DEFINER VIEW `full_grades_20_21_ther`  AS  select `user_profile`.`firstname` AS `teacherFirstname`,`user_profile`.`lastname` AS `teacherLastname`,`tmimata_20_21_ther`.`name` AS `tmimaName`,`lessons_20_21_ther`.`name` AS `lessonName`,`students_20_21_ther`.`firstname` AS `studentFirstname`,`students_20_21_ther`.`lastname` AS `studentLastname`,`grades_20_21_ther`.`id` AS `id`,`grades_20_21_ther`.`user_id` AS `user_id`,`grades_20_21_ther`.`student_id` AS `student_id`,`grades_20_21_ther`.`lesson_id` AS `lesson_id`,`grades_20_21_ther`.`taksi` AS `taksi`,`grades_20_21_ther`.`tmima` AS `tmima`,`grades_20_21_ther`.`exam_date` AS `exam_date`,`grades_20_21_ther`.`exam_kind` AS `exam_kind`,`grades_20_21_ther`.`absence` AS `absence`,`grades_20_21_ther`.`grade` AS `grade`,`grades_20_21_ther`.`comments` AS `comments`,`grades_20_21_ther`.`created_at` AS `created_at`,`grades_20_21_ther`.`updated_at` AS `updated_at` from ((((`grades_20_21_ther` left join `user_profile` on((`user_profile`.`user_id` = `grades_20_21_ther`.`user_id`))) left join `tmimata_20_21_ther` on((`tmimata_20_21_ther`.`id` = `grades_20_21_ther`.`tmima`))) left join `students_20_21_ther` on((`students_20_21_ther`.`id` = `grades_20_21_ther`.`student_id`))) left join `lessons_20_21_ther` on((`lessons_20_21_ther`.`id` = `grades_20_21_ther`.`lesson_id`))) ;

-- --------------------------------------------------------

--
-- Δομή για προβολή `full_grades_stats_19_20_xeim`
--
DROP TABLE IF EXISTS `full_grades_stats_19_20_xeim`;

CREATE ALGORITHM=UNDEFINED DEFINER=`politopo_apopapa`@`%` SQL SECURITY DEFINER VIEW `full_grades_stats_19_20_xeim`  AS  select count(`full_grades_19_20_xeim`.`id`) AS `countGrades`,avg(`full_grades_19_20_xeim`.`grade`) AS `avgGrades`,`full_grades_19_20_xeim`.`lessonName` AS `lessonName`,`full_grades_19_20_xeim`.`lesson_id` AS `lesson_id`,max(`full_grades_19_20_xeim`.`grade`) AS `maxGrade`,min(`full_grades_19_20_xeim`.`grade`) AS `minGrade`,max(`full_grades_19_20_xeim`.`created_at`) AS `maxCreatedAt`,min(`full_grades_19_20_xeim`.`created_at`) AS `minCreatedAt`,max(`full_grades_19_20_xeim`.`updated_at`) AS `maxUpdatedAt`,min(`full_grades_19_20_xeim`.`updated_at`) AS `minUpdatedAt` from `full_grades_19_20_xeim` where (`full_grades_19_20_xeim`.`absence` = 'ΠΑΡΩΝ') group by `full_grades_19_20_xeim`.`lessonName` ;

-- --------------------------------------------------------

--
-- Δομή για προβολή `full_grades_stats_20_21_ther`
--
DROP TABLE IF EXISTS `full_grades_stats_20_21_ther`;

CREATE ALGORITHM=UNDEFINED DEFINER=`politopo_apopapa`@`%` SQL SECURITY DEFINER VIEW `full_grades_stats_20_21_ther`  AS  select count(`full_grades_20_21_ther`.`id`) AS `countGrades`,avg(`full_grades_20_21_ther`.`grade`) AS `avgGrades`,`full_grades_20_21_ther`.`lessonName` AS `lessonName`,`full_grades_20_21_ther`.`lesson_id` AS `lesson_id`,max(`full_grades_20_21_ther`.`grade`) AS `maxGrade`,min(`full_grades_20_21_ther`.`grade`) AS `minGrade`,max(`full_grades_20_21_ther`.`created_at`) AS `maxCreatedAt`,min(`full_grades_20_21_ther`.`created_at`) AS `minCreatedAt`,max(`full_grades_20_21_ther`.`updated_at`) AS `maxUpdatedAt`,min(`full_grades_20_21_ther`.`updated_at`) AS `minUpdatedAt` from `full_grades_20_21_ther` where (`full_grades_20_21_ther`.`absence` = 'ΠΑΡΩΝ') group by `full_grades_20_21_ther`.`lessonName` ;

-- --------------------------------------------------------

--
-- Δομή για προβολή `test_1`
--
DROP TABLE IF EXISTS `test_1`;

CREATE ALGORITHM=UNDEFINED DEFINER=`root`@`localhost` SQL SECURITY DEFINER VIEW `test_1`  AS  select `user_profile`.`lastname` AS `teacherLastname`,`tmimata_19_20_xeim`.`name` AS `tmimaName`,`lessons_19_20_xeim`.`name` AS `lessonName`,`students_19_20_xeim`.`lastname` AS `studentLastname`,`grades_19_20_xeim`.`id` AS `id`,`grades_19_20_xeim`.`user_id` AS `user_id`,`grades_19_20_xeim`.`student_id` AS `student_id`,`grades_19_20_xeim`.`lesson_id` AS `lesson_id`,`grades_19_20_xeim`.`taksi` AS `taksi`,`grades_19_20_xeim`.`tmima` AS `tmima`,`grades_19_20_xeim`.`exam_date` AS `exam_date`,`grades_19_20_xeim`.`exam_kind` AS `exam_kind`,`grades_19_20_xeim`.`absence` AS `absence`,`grades_19_20_xeim`.`grade` AS `grade`,`grades_19_20_xeim`.`comments` AS `comments`,`grades_19_20_xeim`.`created_at` AS `created_at`,`grades_19_20_xeim`.`updated_at` AS `updated_at` from ((((`grades_19_20_xeim` left join `user_profile` on((`user_profile`.`user_id` = `grades_19_20_xeim`.`user_id`))) left join `tmimata_19_20_xeim` on((`tmimata_19_20_xeim`.`id` = `grades_19_20_xeim`.`tmima`))) left join `students_19_20_xeim` on((`students_19_20_xeim`.`id` = `grades_19_20_xeim`.`student_id`))) left join `lessons_19_20_xeim` on((`lessons_19_20_xeim`.`id` = `grades_19_20_xeim`.`lesson_id`))) ;

--
-- Περιορισμοί για άχρηστους πίνακες
--

--
-- Περιορισμοί για πίνακα `grades_19_20_xeim`
--
ALTER TABLE `grades_19_20_xeim`
  ADD CONSTRAINT `link_grade_lesson_id_19_20_xeim` FOREIGN KEY (`lesson_id`) REFERENCES `lessons_19_20_xeim` (`id`),
  ADD CONSTRAINT `link_grade_student_id_19_20_xeim` FOREIGN KEY (`student_id`) REFERENCES `students_19_20_xeim` (`id`),
  ADD CONSTRAINT `link_grade_tmima_id_19_20_xeim` FOREIGN KEY (`tmima`) REFERENCES `tmimata_19_20_xeim` (`id`),
  ADD CONSTRAINT `link_grade_user_id_19_20_xeim` FOREIGN KEY (`user_id`) REFERENCES `register` (`id`),
  ADD CONSTRAINT `link_taksi_id_19_20_xeim` FOREIGN KEY (`taksi`) REFERENCES `app_lists_19_20_xeim` (`id`);

--
-- Περιορισμοί για πίνακα `grades_20_21_ther`
--
ALTER TABLE `grades_20_21_ther`
  ADD CONSTRAINT `link_grade_lesson_id_20_21_ther` FOREIGN KEY (`lesson_id`) REFERENCES `lessons_20_21_ther` (`id`),
  ADD CONSTRAINT `link_grade_student_id_20_21_ther` FOREIGN KEY (`student_id`) REFERENCES `students_20_21_ther` (`id`),
  ADD CONSTRAINT `link_grade_tmima_id_20_21_ther` FOREIGN KEY (`tmima`) REFERENCES `tmimata_20_21_ther` (`id`),
  ADD CONSTRAINT `link_grade_user_id_20_21_ther` FOREIGN KEY (`user_id`) REFERENCES `register` (`id`),
  ADD CONSTRAINT `link_taksi_id_20_21_ther` FOREIGN KEY (`taksi`) REFERENCES `app_lists_20_21_ther` (`id`);

--
-- Περιορισμοί για πίνακα `shortcut_lessons_19_20_xeim`
--
ALTER TABLE `shortcut_lessons_19_20_xeim`
  ADD CONSTRAINT `link_lesson_shortcuts_id` FOREIGN KEY (`lesson_id`) REFERENCES `lessons_19_20_xeim` (`id`) ON DELETE CASCADE,
  ADD CONSTRAINT `link_shortcuts_id` FOREIGN KEY (`shortcut_id`) REFERENCES `shortcuts_19_20_xeim` (`id`) ON DELETE CASCADE;

--
-- Περιορισμοί για πίνακα `shortcut_lessons_20_21_ther`
--
ALTER TABLE `shortcut_lessons_20_21_ther`
  ADD CONSTRAINT `link_lesson_shortcuts_id_20_21_ther` FOREIGN KEY (`lesson_id`) REFERENCES `lessons_20_21_ther` (`id`) ON DELETE CASCADE,
  ADD CONSTRAINT `link_shortcuts_id_20_21_ther` FOREIGN KEY (`shortcut_id`) REFERENCES `shortcuts_20_21_ther` (`id`) ON DELETE CASCADE;

--
-- Περιορισμοί για πίνακα `students_19_20_xeim`
--
ALTER TABLE `students_19_20_xeim`
  ADD CONSTRAINT `link_informed_by_id_19_20_xeim` FOREIGN KEY (`informed_by`) REFERENCES `app_lists_19_20_xeim` (`id`),
  ADD CONSTRAINT `link_taksi_student_id_19_20_xeim` FOREIGN KEY (`class`) REFERENCES `app_lists_19_20_xeim` (`id`),
  ADD CONSTRAINT `link_tmima_id` FOREIGN KEY (`tmima`) REFERENCES `tmimata_19_20_xeim` (`id`) ON DELETE SET NULL;

--
-- Περιορισμοί για πίνακα `students_20_21_ther`
--
ALTER TABLE `students_20_21_ther`
  ADD CONSTRAINT `link_informed_by_id_20_21_ther` FOREIGN KEY (`informed_by`) REFERENCES `app_lists_20_21_ther` (`id`),
  ADD CONSTRAINT `link_taksi_student_id_20_21_ther` FOREIGN KEY (`class`) REFERENCES `app_lists_20_21_ther` (`id`),
  ADD CONSTRAINT `link_tmima_id_20_21_ther` FOREIGN KEY (`tmima`) REFERENCES `tmimata_20_21_ther` (`id`);

--
-- Περιορισμοί για πίνακα `students_lessons_19_20_xeim`
--
ALTER TABLE `students_lessons_19_20_xeim`
  ADD CONSTRAINT `link_lesson_id_19_20_xeim` FOREIGN KEY (`lesson_id`) REFERENCES `lessons_19_20_xeim` (`id`) ON DELETE CASCADE,
  ADD CONSTRAINT `link_student_id_19_20_xeim` FOREIGN KEY (`student_id`) REFERENCES `students_19_20_xeim` (`id`) ON DELETE CASCADE;

--
-- Περιορισμοί για πίνακα `students_lessons_20_21_ther`
--
ALTER TABLE `students_lessons_20_21_ther`
  ADD CONSTRAINT `link_lesson_id_20_21_ther` FOREIGN KEY (`lesson_id`) REFERENCES `lessons_20_21_ther` (`id`) ON DELETE CASCADE,
  ADD CONSTRAINT `link_student_id_20_21_ther` FOREIGN KEY (`student_id`) REFERENCES `students_20_21_ther` (`id`) ON DELETE CASCADE;

--
-- Περιορισμοί για πίνακα `teachers_tmimata_19_20_xeim`
--
ALTER TABLE `teachers_tmimata_19_20_xeim`
  ADD CONSTRAINT `link_teacher_user_id_19_20_xeim` FOREIGN KEY (`user_id`) REFERENCES `register` (`id`) ON DELETE CASCADE,
  ADD CONSTRAINT `link_tmimata_id_19_20_xeim` FOREIGN KEY (`tmima_id`) REFERENCES `tmimata_19_20_xeim` (`id`) ON DELETE CASCADE;

--
-- Περιορισμοί για πίνακα `teachers_tmimata_20_21_ther`
--
ALTER TABLE `teachers_tmimata_20_21_ther`
  ADD CONSTRAINT `link_teacher_user_id_20_21_ther` FOREIGN KEY (`user_id`) REFERENCES `register` (`id`) ON DELETE CASCADE,
  ADD CONSTRAINT `link_tmimata_id_20_21_ther` FOREIGN KEY (`tmima_id`) REFERENCES `tmimata_20_21_ther` (`id`) ON DELETE CASCADE;

--
-- Περιορισμοί για πίνακα `teacher_lessons_19_20_xeim`
--
ALTER TABLE `teacher_lessons_19_20_xeim`
  ADD CONSTRAINT `link_lessons_id_19_20_xeim` FOREIGN KEY (`lesson_id`) REFERENCES `lessons_19_20_xeim` (`id`) ON DELETE CASCADE,
  ADD CONSTRAINT `link_user_id_19_20_xeim` FOREIGN KEY (`user_id`) REFERENCES `register` (`id`) ON DELETE CASCADE;

--
-- Περιορισμοί για πίνακα `teacher_lessons_20_21_ther`
--
ALTER TABLE `teacher_lessons_20_21_ther`
  ADD CONSTRAINT `link_lessons_id_20_21_ther` FOREIGN KEY (`lesson_id`) REFERENCES `lessons_20_21_ther` (`id`) ON DELETE CASCADE,
  ADD CONSTRAINT `link_user_id_20_21_ther` FOREIGN KEY (`user_id`) REFERENCES `register` (`id`) ON DELETE CASCADE;

--
-- Περιορισμοί για πίνακα `tmimata_19_20_xeim`
--
ALTER TABLE `tmimata_19_20_xeim`
  ADD CONSTRAINT `link_taksi_tmima_id_19_20_xeim` FOREIGN KEY (`class`) REFERENCES `app_lists_19_20_xeim` (`id`);

--
-- Περιορισμοί για πίνακα `tmimata_20_21_ther`
--
ALTER TABLE `tmimata_20_21_ther`
  ADD CONSTRAINT `link_taksi_tmima_id_20_21_ther` FOREIGN KEY (`class`) REFERENCES `app_lists_20_21_ther` (`id`);
COMMIT;

/*!40101 SET CHARACTER_SET_CLIENT=@OLD_CHARACTER_SET_CLIENT */;
/*!40101 SET CHARACTER_SET_RESULTS=@OLD_CHARACTER_SET_RESULTS */;
/*!40101 SET COLLATION_CONNECTION=@OLD_COLLATION_CONNECTION */;
